,formula,gfa
0,Al100Ca0,0
1,Al99Ca1,0
2,Al98Ca2,0
3,Al97Ca3,0
4,Al96Ca4,0
5,Al95Ca5,0
6,Al94Ca6,0
7,Al93Ca7,0
8,Al92Ca8,0
9,Al91Ca9,1
10,Al90Ca10,1
11,Al89Ca11,1
12,Al88Ca12,0
13,Al87Ca13,0
14,Al86Ca14,0
15,Al85Ca15,0
16,Al84Ca16,0
17,Al83Ca17,0
18,Al82Ca18,0
19,Al81Ca19,0
20,Al80Ca20,0
21,Al79Ca21,0
22,Al78Ca22,0
23,Al77Ca23,0
24,Al76Ca24,0
25,Al75Ca25,0
26,Al74Ca26,0
27,Al73Ca27,0
28,Al72Ca28,0
29,Al71Ca29,0
30,Al70Ca30,0
31,Al69Ca31,0
32,Al68Ca32,0
33,Al67Ca33,0
34,Al66Ca34,0
35,Al65Ca35,0
36,Al64Ca36,0
37,Al63Ca37,0
38,Al62Ca38,0
39,Al61Ca39,0
40,Al60Ca40,0
41,Al59Ca41,0
42,Al58Ca42,0
43,Al57Ca43,0
44,Al56Ca44,0
45,Al55Ca45,0
46,Al54Ca46,0
47,Al53Ca47,0
48,Al52Ca48,0
49,Al51Ca49,0
50,Al50Ca50,0
51,Al49Ca51,0
52,Al48Ca52,0
53,Al47Ca53,0
54,Al46Ca54,0
55,Al45Ca55,0
56,Al44Ca56,0
57,Al43Ca57,0
58,Al42Ca58,0
59,Al41Ca59,0
60,Al40Ca60,0
61,Al39Ca61,0
62,Al38Ca62,0
63,Al37Ca63,0
64,Al36Ca64,0
65,Al35Ca65,0
66,Al34Ca66,0
67,Al33Ca67,0
68,Al32Ca68,0
69,Al31Ca69,0
70,Al30Ca70,0
71,Al29Ca71,0
72,Al28Ca72,0
73,Al27Ca73,0
74,Al26Ca74,0
75,Al25Ca75,0
76,Al24Ca76,0
77,Al23Ca77,0
78,Al22Ca78,0
79,Al21Ca79,0
80,Al20Ca80,0
81,Al19Ca81,0
82,Al18Ca82,0
83,Al17Ca83,0
84,Al16Ca84,0
85,Al15Ca85,0
86,Al14Ca86,0
87,Al13Ca87,0
88,Al12Ca88,0
89,Al11Ca89,0
90,Al10Ca90,0
91,Al9Ca91,0
92,Al8Ca92,0
93,Al7Ca93,0
94,Al6Ca94,0
95,Al5Ca95,0
96,Al4Ca96,0
97,Al3Ca97,0
98,Al2Ca98,0
99,Al1Ca99,0
100,Al0Ca100,0
101,Al100Ca0,0
102,Al99Ca1,0
103,Al98Ca2,0
104,Al97Ca3,0
105,Al96Ca4,0
106,Al95Ca5,0
107,Al94Ca6,0
108,Al93Ca7,0
109,Al92Ca8,0
110,Al91Ca9,0
111,Al90Ca10,0
112,Al89Ca11,0
113,Al88Ca12,0
114,Al87Ca13,0
115,Al86Ca14,0
116,Al85Ca15,0
117,Al84Ca16,0
118,Al83Ca17,0
119,Al82Ca18,0
120,Al81Ca19,0
121,Al80Ca20,0
122,Al79Ca21,0
123,Al78Ca22,0
124,Al77Ca23,0
125,Al76Ca24,0
126,Al75Ca25,0
127,Al74Ca26,0
128,Al73Ca27,0
129,Al72Ca28,0
130,Al71Ca29,0
131,Al70Ca30,0
132,Al69Ca31,0
133,Al68Ca32,0
134,Al67Ca33,0
135,Al66Ca34,0
136,Al65Ca35,0
137,Al64Ca36,0
138,Al63Ca37,0
139,Al62Ca38,0
140,Al61Ca39,0
141,Al60Ca40,0
142,Al59Ca41,0
143,Al58Ca42,0
144,Al57Ca43,0
145,Al56Ca44,0
146,Al55Ca45,0
147,Al54Ca46,0
148,Al53Ca47,0
149,Al52Ca48,0
150,Al51Ca49,0
151,Al50Ca50,0
152,Al49Ca51,0
153,Al48Ca52,0
154,Al47Ca53,0
155,Al46Ca54,0
156,Al45Ca55,1
157,Al44Ca56,1
158,Al43Ca57,1
159,Al42Ca58,1
160,Al41Ca59,1
161,Al40Ca60,1
162,Al39Ca61,1
163,Al38Ca62,1
164,Al37Ca63,1
165,Al36Ca64,1
166,Al35Ca65,1
167,Al34Ca66,1
168,Al33Ca67,1
169,Al32Ca68,1
170,Al31Ca69,1
171,Al30Ca70,1
172,Al29Ca71,1
173,Al28Ca72,1
174,Al27Ca73,1
175,Al26Ca74,1
176,Al25Ca75,1
177,Al24Ca76,1
178,Al23Ca77,1
179,Al22Ca78,1
180,Al21Ca79,1
181,Al20Ca80,1
182,Al19Ca81,1
183,Al18Ca82,1
184,Al17Ca83,1
185,Al16Ca84,1
186,Al15Ca85,1
187,Al14Ca86,0
188,Al13Ca87,0
189,Al12Ca88,0
190,Al11Ca89,0
191,Al10Ca90,0
192,Al9Ca91,0
193,Al8Ca92,0
194,Al7Ca93,0
195,Al6Ca94,0
196,Al5Ca95,0
197,Al4Ca96,0
198,Al3Ca97,0
199,Al2Ca98,0
200,Al1Ca99,0
201,Al0Ca100,0
202,Al100Ce0,0
203,Al99Ce1,0
204,Al98Ce2,0
205,Al97Ce3,0
206,Al96Ce4,0
207,Al95Ce5,0
208,Al94Ce6,0
209,Al93Ce7,1
210,Al92Ce8,1
211,Al91Ce9,1
212,Al90Ce10,1
213,Al89Ce11,1
214,Al88Ce12,1
215,Al87Ce13,0
216,Al86Ce14,0
217,Al85Ce15,0
218,Al84Ce16,0
219,Al83Ce17,0
220,Al82Ce18,0
221,Al81Ce19,0
222,Al80Ce20,0
223,Al79Ce21,0
224,Al78Ce22,0
225,Al77Ce23,0
226,Al76Ce24,0
227,Al75Ce25,0
228,Al74Ce26,0
229,Al73Ce27,0
230,Al72Ce28,0
231,Al71Ce29,0
232,Al70Ce30,0
233,Al69Ce31,0
234,Al68Ce32,0
235,Al67Ce33,0
236,Al66Ce34,0
237,Al65Ce35,0
238,Al64Ce36,0
239,Al63Ce37,0
240,Al62Ce38,0
241,Al61Ce39,0
242,Al60Ce40,0
243,Al59Ce41,0
244,Al58Ce42,0
245,Al57Ce43,0
246,Al56Ce44,0
247,Al55Ce45,0
248,Al54Ce46,0
249,Al53Ce47,0
250,Al52Ce48,0
251,Al51Ce49,0
252,Al50Ce50,0
253,Al49Ce51,0
254,Al48Ce52,0
255,Al47Ce53,0
256,Al46Ce54,0
257,Al45Ce55,0
258,Al44Ce56,0
259,Al43Ce57,0
260,Al42Ce58,0
261,Al41Ce59,0
262,Al40Ce60,0
263,Al39Ce61,0
264,Al38Ce62,0
265,Al37Ce63,0
266,Al36Ce64,0
267,Al35Ce65,0
268,Al34Ce66,0
269,Al33Ce67,0
270,Al32Ce68,0
271,Al31Ce69,0
272,Al30Ce70,0
273,Al29Ce71,0
274,Al28Ce72,0
275,Al27Ce73,0
276,Al26Ce74,0
277,Al25Ce75,0
278,Al24Ce76,0
279,Al23Ce77,0
280,Al22Ce78,0
281,Al21Ce79,0
282,Al20Ce80,0
283,Al19Ce81,0
284,Al18Ce82,0
285,Al17Ce83,0
286,Al16Ce84,0
287,Al15Ce85,0
288,Al14Ce86,0
289,Al13Ce87,0
290,Al12Ce88,0
291,Al11Ce89,0
292,Al10Ce90,0
293,Al9Ce91,0
294,Al8Ce92,0
295,Al7Ce93,0
296,Al6Ce94,0
297,Al5Ce95,0
298,Al4Ce96,0
299,Al3Ce97,0
300,Al2Ce98,0
301,Al1Ce99,0
302,Al0Ce100,0
303,Al100Dy0,0
304,Al99Dy1,0
305,Al98Dy2,0
306,Al97Dy3,0
307,Al96Dy4,0
308,Al95Dy5,0
309,Al94Dy6,0
310,Al93Dy7,0
311,Al92Dy8,0
312,Al91Dy9,1
313,Al90Dy10,1
314,Al89Dy11,1
315,Al88Dy12,1
316,Al87Dy13,0
317,Al86Dy14,0
318,Al85Dy15,0
319,Al84Dy16,0
320,Al83Dy17,0
321,Al82Dy18,0
322,Al81Dy19,0
323,Al80Dy20,0
324,Al79Dy21,0
325,Al78Dy22,0
326,Al77Dy23,0
327,Al76Dy24,0
328,Al75Dy25,0
329,Al74Dy26,0
330,Al73Dy27,0
331,Al72Dy28,0
332,Al71Dy29,0
333,Al70Dy30,0
334,Al69Dy31,0
335,Al68Dy32,0
336,Al67Dy33,0
337,Al66Dy34,0
338,Al65Dy35,0
339,Al64Dy36,0
340,Al63Dy37,0
341,Al62Dy38,0
342,Al61Dy39,0
343,Al60Dy40,0
344,Al59Dy41,0
345,Al58Dy42,0
346,Al57Dy43,0
347,Al56Dy44,0
348,Al55Dy45,0
349,Al54Dy46,0
350,Al53Dy47,0
351,Al52Dy48,0
352,Al51Dy49,0
353,Al50Dy50,0
354,Al49Dy51,0
355,Al48Dy52,0
356,Al47Dy53,0
357,Al46Dy54,0
358,Al45Dy55,0
359,Al44Dy56,0
360,Al43Dy57,0
361,Al42Dy58,0
362,Al41Dy59,0
363,Al40Dy60,0
364,Al39Dy61,0
365,Al38Dy62,0
366,Al37Dy63,0
367,Al36Dy64,0
368,Al35Dy65,0
369,Al34Dy66,0
370,Al33Dy67,0
371,Al32Dy68,0
372,Al31Dy69,0
373,Al30Dy70,0
374,Al29Dy71,0
375,Al28Dy72,0
376,Al27Dy73,0
377,Al26Dy74,0
378,Al25Dy75,0
379,Al24Dy76,0
380,Al23Dy77,0
381,Al22Dy78,0
382,Al21Dy79,0
383,Al20Dy80,0
384,Al19Dy81,0
385,Al18Dy82,0
386,Al17Dy83,0
387,Al16Dy84,0
388,Al15Dy85,0
389,Al14Dy86,0
390,Al13Dy87,0
391,Al12Dy88,0
392,Al11Dy89,0
393,Al10Dy90,0
394,Al9Dy91,0
395,Al8Dy92,0
396,Al7Dy93,0
397,Al6Dy94,0
398,Al5Dy95,0
399,Al4Dy96,0
400,Al3Dy97,0
401,Al2Dy98,0
402,Al1Dy99,0
403,Al0Dy100,0
404,Al100Er0,0
405,Al99Er1,0
406,Al98Er2,0
407,Al97Er3,0
408,Al96Er4,0
409,Al95Er5,0
410,Al94Er6,0
411,Al93Er7,0
412,Al92Er8,0
413,Al91Er9,1
414,Al90Er10,1
415,Al89Er11,1
416,Al88Er12,1
417,Al87Er13,0
418,Al86Er14,0
419,Al85Er15,0
420,Al84Er16,0
421,Al83Er17,0
422,Al82Er18,0
423,Al81Er19,0
424,Al80Er20,0
425,Al79Er21,0
426,Al78Er22,0
427,Al77Er23,0
428,Al76Er24,0
429,Al75Er25,0
430,Al74Er26,0
431,Al73Er27,0
432,Al72Er28,0
433,Al71Er29,0
434,Al70Er30,0
435,Al69Er31,0
436,Al68Er32,0
437,Al67Er33,0
438,Al66Er34,0
439,Al65Er35,0
440,Al64Er36,0
441,Al63Er37,0
442,Al62Er38,0
443,Al61Er39,0
444,Al60Er40,0
445,Al59Er41,0
446,Al58Er42,0
447,Al57Er43,0
448,Al56Er44,0
449,Al55Er45,0
450,Al54Er46,0
451,Al53Er47,0
452,Al52Er48,0
453,Al51Er49,0
454,Al50Er50,0
455,Al49Er51,0
456,Al48Er52,0
457,Al47Er53,0
458,Al46Er54,0
459,Al45Er55,0
460,Al44Er56,0
461,Al43Er57,0
462,Al42Er58,0
463,Al41Er59,0
464,Al40Er60,0
465,Al39Er61,0
466,Al38Er62,0
467,Al37Er63,0
468,Al36Er64,0
469,Al35Er65,0
470,Al34Er66,0
471,Al33Er67,0
472,Al32Er68,0
473,Al31Er69,0
474,Al30Er70,0
475,Al29Er71,0
476,Al28Er72,0
477,Al27Er73,0
478,Al26Er74,0
479,Al25Er75,0
480,Al24Er76,0
481,Al23Er77,0
482,Al22Er78,0
483,Al21Er79,0
484,Al20Er80,0
485,Al19Er81,0
486,Al18Er82,0
487,Al17Er83,0
488,Al16Er84,0
489,Al15Er85,0
490,Al14Er86,0
491,Al13Er87,0
492,Al12Er88,0
493,Al11Er89,0
494,Al10Er90,0
495,Al9Er91,0
496,Al8Er92,0
497,Al7Er93,0
498,Al6Er94,0
499,Al5Er95,0
500,Al4Er96,0
501,Al3Er97,0
502,Al2Er98,0
503,Al1Er99,0
504,Al0Er100,0
505,Al100Gd0,0
506,Al99Gd1,0
507,Al98Gd2,0
508,Al97Gd3,0
509,Al96Gd4,0
510,Al95Gd5,0
511,Al94Gd6,0
512,Al93Gd7,0
513,Al92Gd8,1
514,Al91Gd9,1
515,Al90Gd10,1
516,Al89Gd11,1
517,Al88Gd12,1
518,Al87Gd13,0
519,Al86Gd14,0
520,Al85Gd15,0
521,Al84Gd16,0
522,Al83Gd17,0
523,Al82Gd18,0
524,Al81Gd19,0
525,Al80Gd20,0
526,Al79Gd21,0
527,Al78Gd22,0
528,Al77Gd23,0
529,Al76Gd24,0
530,Al75Gd25,0
531,Al74Gd26,0
532,Al73Gd27,0
533,Al72Gd28,0
534,Al71Gd29,0
535,Al70Gd30,0
536,Al69Gd31,0
537,Al68Gd32,0
538,Al67Gd33,0
539,Al66Gd34,0
540,Al65Gd35,0
541,Al64Gd36,0
542,Al63Gd37,0
543,Al62Gd38,0
544,Al61Gd39,0
545,Al60Gd40,0
546,Al59Gd41,0
547,Al58Gd42,0
548,Al57Gd43,0
549,Al56Gd44,0
550,Al55Gd45,0
551,Al54Gd46,0
552,Al53Gd47,0
553,Al52Gd48,0
554,Al51Gd49,0
555,Al50Gd50,0
556,Al49Gd51,0
557,Al48Gd52,0
558,Al47Gd53,0
559,Al46Gd54,0
560,Al45Gd55,0
561,Al44Gd56,0
562,Al43Gd57,0
563,Al42Gd58,0
564,Al41Gd59,0
565,Al40Gd60,0
566,Al39Gd61,0
567,Al38Gd62,0
568,Al37Gd63,0
569,Al36Gd64,0
570,Al35Gd65,0
571,Al34Gd66,0
572,Al33Gd67,0
573,Al32Gd68,0
574,Al31Gd69,0
575,Al30Gd70,0
576,Al29Gd71,0
577,Al28Gd72,0
578,Al27Gd73,0
579,Al26Gd74,0
580,Al25Gd75,0
581,Al24Gd76,0
582,Al23Gd77,0
583,Al22Gd78,0
584,Al21Gd79,0
585,Al20Gd80,0
586,Al19Gd81,0
587,Al18Gd82,0
588,Al17Gd83,0
589,Al16Gd84,0
590,Al15Gd85,0
591,Al14Gd86,0
592,Al13Gd87,0
593,Al12Gd88,0
594,Al11Gd89,0
595,Al10Gd90,0
596,Al9Gd91,0
597,Al8Gd92,0
598,Al7Gd93,0
599,Al6Gd94,0
600,Al5Gd95,0
601,Al4Gd96,0
602,Al3Gd97,0
603,Al2Gd98,0
604,Al1Gd99,0
605,Al0Gd100,0
606,Al100Ho0,0
607,Al99Ho1,0
608,Al98Ho2,0
609,Al97Ho3,0
610,Al96Ho4,0
611,Al95Ho5,0
612,Al94Ho6,0
613,Al93Ho7,0
614,Al92Ho8,0
615,Al91Ho9,1
616,Al90Ho10,1
617,Al89Ho11,1
618,Al88Ho12,1
619,Al87Ho13,0
620,Al86Ho14,0
621,Al85Ho15,0
622,Al84Ho16,0
623,Al83Ho17,0
624,Al82Ho18,0
625,Al81Ho19,0
626,Al80Ho20,0
627,Al79Ho21,0
628,Al78Ho22,0
629,Al77Ho23,0
630,Al76Ho24,0
631,Al75Ho25,0
632,Al74Ho26,0
633,Al73Ho27,0
634,Al72Ho28,0
635,Al71Ho29,0
636,Al70Ho30,0
637,Al69Ho31,0
638,Al68Ho32,0
639,Al67Ho33,0
640,Al66Ho34,0
641,Al65Ho35,0
642,Al64Ho36,0
643,Al63Ho37,0
644,Al62Ho38,0
645,Al61Ho39,0
646,Al60Ho40,0
647,Al59Ho41,0
648,Al58Ho42,0
649,Al57Ho43,0
650,Al56Ho44,0
651,Al55Ho45,0
652,Al54Ho46,0
653,Al53Ho47,0
654,Al52Ho48,0
655,Al51Ho49,0
656,Al50Ho50,0
657,Al49Ho51,0
658,Al48Ho52,0
659,Al47Ho53,0
660,Al46Ho54,0
661,Al45Ho55,0
662,Al44Ho56,0
663,Al43Ho57,0
664,Al42Ho58,0
665,Al41Ho59,0
666,Al40Ho60,0
667,Al39Ho61,0
668,Al38Ho62,0
669,Al37Ho63,0
670,Al36Ho64,0
671,Al35Ho65,0
672,Al34Ho66,0
673,Al33Ho67,0
674,Al32Ho68,0
675,Al31Ho69,0
676,Al30Ho70,0
677,Al29Ho71,0
678,Al28Ho72,0
679,Al27Ho73,0
680,Al26Ho74,0
681,Al25Ho75,0
682,Al24Ho76,0
683,Al23Ho77,0
684,Al22Ho78,0
685,Al21Ho79,0
686,Al20Ho80,0
687,Al19Ho81,0
688,Al18Ho82,0
689,Al17Ho83,0
690,Al16Ho84,0
691,Al15Ho85,0
692,Al14Ho86,0
693,Al13Ho87,0
694,Al12Ho88,0
695,Al11Ho89,0
696,Al10Ho90,0
697,Al9Ho91,0
698,Al8Ho92,0
699,Al7Ho93,0
700,Al6Ho94,0
701,Al5Ho95,0
702,Al4Ho96,0
703,Al3Ho97,0
704,Al2Ho98,0
705,Al1Ho99,0
706,Al0Ho100,0
707,Al100La0,0
708,Al99La1,0
709,Al98La2,0
710,Al97La3,0
711,Al96La4,0
712,Al95La5,0
713,Al94La6,0
714,Al93La7,1
715,Al92La8,1
716,Al91La9,1
717,Al90La10,1
718,Al89La11,1
719,Al88La12,1
720,Al87La13,1
721,Al86La14,1
722,Al85La15,0
723,Al84La16,0
724,Al83La17,0
725,Al82La18,0
726,Al81La19,0
727,Al80La20,0
728,Al79La21,0
729,Al78La22,0
730,Al77La23,0
731,Al76La24,0
732,Al75La25,0
733,Al74La26,0
734,Al73La27,0
735,Al72La28,0
736,Al71La29,0
737,Al70La30,0
738,Al69La31,0
739,Al68La32,0
740,Al67La33,0
741,Al66La34,0
742,Al65La35,0
743,Al64La36,0
744,Al63La37,0
745,Al62La38,0
746,Al61La39,0
747,Al60La40,0
748,Al59La41,0
749,Al58La42,0
750,Al57La43,0
751,Al56La44,0
752,Al55La45,0
753,Al54La46,0
754,Al53La47,0
755,Al52La48,0
756,Al51La49,0
757,Al50La50,0
758,Al49La51,0
759,Al48La52,0
760,Al47La53,0
761,Al46La54,0
762,Al45La55,0
763,Al44La56,0
764,Al43La57,0
765,Al42La58,0
766,Al41La59,0
767,Al40La60,0
768,Al39La61,0
769,Al38La62,0
770,Al37La63,0
771,Al36La64,0
772,Al35La65,0
773,Al34La66,0
774,Al33La67,0
775,Al32La68,0
776,Al31La69,0
777,Al30La70,0
778,Al29La71,0
779,Al28La72,0
780,Al27La73,0
781,Al26La74,0
782,Al25La75,0
783,Al24La76,0
784,Al23La77,0
785,Al22La78,0
786,Al21La79,0
787,Al20La80,0
788,Al19La81,0
789,Al18La82,0
790,Al17La83,0
791,Al16La84,0
792,Al15La85,0
793,Al14La86,0
794,Al13La87,0
795,Al12La88,0
796,Al11La89,0
797,Al10La90,0
798,Al9La91,0
799,Al8La92,0
800,Al7La93,0
801,Al6La94,0
802,Al5La95,0
803,Al4La96,0
804,Al3La97,0
805,Al2La98,0
806,Al1La99,0
807,Al0La100,0
808,Al100La0,0
809,Al99La1,0
810,Al98La2,0
811,Al97La3,0
812,Al96La4,0
813,Al95La5,0
814,Al94La6,0
815,Al93La7,0
816,Al92La8,0
817,Al91La9,0
818,Al90La10,0
819,Al89La11,0
820,Al88La12,0
821,Al87La13,0
822,Al86La14,0
823,Al85La15,0
824,Al84La16,0
825,Al83La17,0
826,Al82La18,0
827,Al81La19,0
828,Al80La20,0
829,Al79La21,0
830,Al78La22,0
831,Al77La23,0
832,Al76La24,0
833,Al75La25,0
834,Al74La26,0
835,Al73La27,0
836,Al72La28,0
837,Al71La29,0
838,Al70La30,0
839,Al69La31,0
840,Al68La32,0
841,Al67La33,0
842,Al66La34,0
843,Al65La35,0
844,Al64La36,0
845,Al63La37,0
846,Al62La38,0
847,Al61La39,0
848,Al60La40,0
849,Al59La41,0
850,Al58La42,0
851,Al57La43,0
852,Al56La44,0
853,Al55La45,1
854,Al54La46,1
855,Al53La47,1
856,Al52La48,1
857,Al51La49,1
858,Al50La50,1
859,Al49La51,1
860,Al48La52,1
861,Al47La53,1
862,Al46La54,1
863,Al45La55,1
864,Al44La56,1
865,Al43La57,1
866,Al42La58,1
867,Al41La59,1
868,Al40La60,1
869,Al39La61,1
870,Al38La62,1
871,Al37La63,1
872,Al36La64,1
873,Al35La65,1
874,Al34La66,1
875,Al33La67,1
876,Al32La68,1
877,Al31La69,1
878,Al30La70,1
879,Al29La71,1
880,Al28La72,1
881,Al27La73,1
882,Al26La74,1
883,Al25La75,1
884,Al24La76,1
885,Al23La77,1
886,Al22La78,1
887,Al21La79,1
888,Al20La80,1
889,Al19La81,1
890,Al18La82,1
891,Al17La83,1
892,Al16La84,1
893,Al15La85,1
894,Al14La86,1
895,Al13La87,1
896,Al12La88,0
897,Al11La89,0
898,Al10La90,0
899,Al9La91,0
900,Al8La92,0
901,Al7La93,0
902,Al6La94,0
903,Al5La95,0
904,Al4La96,0
905,Al3La97,0
906,Al2La98,0
907,Al1La99,0
908,Al0La100,0
909,Al100Mn0,0
910,Al99Mn1,0
911,Al98Mn2,0
912,Al97Mn3,0
913,Al96Mn4,0
914,Al95Mn5,0
915,Al94Mn6,0
916,Al93Mn7,0
917,Al92Mn8,0
918,Al91Mn9,0
919,Al90Mn10,0
920,Al89Mn11,0
921,Al88Mn12,0
922,Al87Mn13,0
923,Al86Mn14,0
924,Al85Mn15,1
925,Al84Mn16,1
926,Al83Mn17,1
927,Al82Mn18,1
928,Al81Mn19,1
929,Al80Mn20,1
930,Al79Mn21,1
931,Al78Mn22,1
932,Al77Mn23,1
933,Al76Mn24,1
934,Al75Mn25,1
935,Al74Mn26,0
936,Al73Mn27,0
937,Al72Mn28,0
938,Al71Mn29,0
939,Al70Mn30,0
940,Al69Mn31,0
941,Al68Mn32,0
942,Al67Mn33,0
943,Al66Mn34,0
944,Al65Mn35,0
945,Al64Mn36,0
946,Al63Mn37,0
947,Al62Mn38,0
948,Al61Mn39,0
949,Al60Mn40,0
950,Al59Mn41,0
951,Al58Mn42,0
952,Al57Mn43,0
953,Al56Mn44,0
954,Al55Mn45,0
955,Al54Mn46,0
956,Al53Mn47,0
957,Al52Mn48,0
958,Al51Mn49,0
959,Al50Mn50,0
960,Al49Mn51,0
961,Al48Mn52,0
962,Al47Mn53,0
963,Al46Mn54,0
964,Al45Mn55,0
965,Al44Mn56,0
966,Al43Mn57,0
967,Al42Mn58,0
968,Al41Mn59,0
969,Al40Mn60,0
970,Al39Mn61,0
971,Al38Mn62,0
972,Al37Mn63,0
973,Al36Mn64,0
974,Al35Mn65,0
975,Al34Mn66,0
976,Al33Mn67,0
977,Al32Mn68,0
978,Al31Mn69,0
979,Al30Mn70,0
980,Al29Mn71,0
981,Al28Mn72,0
982,Al27Mn73,0
983,Al26Mn74,0
984,Al25Mn75,0
985,Al24Mn76,0
986,Al23Mn77,0
987,Al22Mn78,0
988,Al21Mn79,0
989,Al20Mn80,0
990,Al19Mn81,0
991,Al18Mn82,0
992,Al17Mn83,0
993,Al16Mn84,0
994,Al15Mn85,0
995,Al14Mn86,0
996,Al13Mn87,0
997,Al12Mn88,0
998,Al11Mn89,0
999,Al10Mn90,0
1000,Al9Mn91,0
1001,Al8Mn92,0
1002,Al7Mn93,0
1003,Al6Mn94,0
1004,Al5Mn95,0
1005,Al4Mn96,0
1006,Al3Mn97,0
1007,Al2Mn98,0
1008,Al1Mn99,0
1009,Al0Mn100,0
1010,Al100Nd0,0
1011,Al99Nd1,0
1012,Al98Nd2,0
1013,Al97Nd3,0
1014,Al96Nd4,0
1015,Al95Nd5,0
1016,Al94Nd6,0
1017,Al93Nd7,0
1018,Al92Nd8,1
1019,Al91Nd9,1
1020,Al90Nd10,1
1021,Al89Nd11,1
1022,Al88Nd12,1
1023,Al87Nd13,1
1024,Al86Nd14,1
1025,Al85Nd15,0
1026,Al84Nd16,0
1027,Al83Nd17,0
1028,Al82Nd18,0
1029,Al81Nd19,0
1030,Al80Nd20,0
1031,Al79Nd21,0
1032,Al78Nd22,0
1033,Al77Nd23,0
1034,Al76Nd24,0
1035,Al75Nd25,0
1036,Al74Nd26,0
1037,Al73Nd27,0
1038,Al72Nd28,0
1039,Al71Nd29,0
1040,Al70Nd30,0
1041,Al69Nd31,0
1042,Al68Nd32,0
1043,Al67Nd33,0
1044,Al66Nd34,0
1045,Al65Nd35,0
1046,Al64Nd36,0
1047,Al63Nd37,0
1048,Al62Nd38,0
1049,Al61Nd39,0
1050,Al60Nd40,0
1051,Al59Nd41,0
1052,Al58Nd42,0
1053,Al57Nd43,0
1054,Al56Nd44,0
1055,Al55Nd45,0
1056,Al54Nd46,0
1057,Al53Nd47,0
1058,Al52Nd48,0
1059,Al51Nd49,0
1060,Al50Nd50,0
1061,Al49Nd51,0
1062,Al48Nd52,0
1063,Al47Nd53,0
1064,Al46Nd54,0
1065,Al45Nd55,0
1066,Al44Nd56,0
1067,Al43Nd57,0
1068,Al42Nd58,0
1069,Al41Nd59,0
1070,Al40Nd60,0
1071,Al39Nd61,0
1072,Al38Nd62,0
1073,Al37Nd63,0
1074,Al36Nd64,0
1075,Al35Nd65,0
1076,Al34Nd66,0
1077,Al33Nd67,0
1078,Al32Nd68,0
1079,Al31Nd69,0
1080,Al30Nd70,0
1081,Al29Nd71,0
1082,Al28Nd72,0
1083,Al27Nd73,0
1084,Al26Nd74,0
1085,Al25Nd75,0
1086,Al24Nd76,0
1087,Al23Nd77,0
1088,Al22Nd78,0
1089,Al21Nd79,0
1090,Al20Nd80,0
1091,Al19Nd81,0
1092,Al18Nd82,0
1093,Al17Nd83,0
1094,Al16Nd84,0
1095,Al15Nd85,0
1096,Al14Nd86,0
1097,Al13Nd87,0
1098,Al12Nd88,0
1099,Al11Nd89,0
1100,Al10Nd90,0
1101,Al9Nd91,0
1102,Al8Nd92,0
1103,Al7Nd93,0
1104,Al6Nd94,0
1105,Al5Nd95,0
1106,Al4Nd96,0
1107,Al3Nd97,0
1108,Al2Nd98,0
1109,Al1Nd99,0
1110,Al0Nd100,0
1111,Al100Pr0,0
1112,Al99Pr1,0
1113,Al98Pr2,0
1114,Al97Pr3,0
1115,Al96Pr4,0
1116,Al95Pr5,0
1117,Al94Pr6,0
1118,Al93Pr7,0
1119,Al92Pr8,0
1120,Al91Pr9,1
1121,Al90Pr10,1
1122,Al89Pr11,1
1123,Al88Pr12,0
1124,Al87Pr13,0
1125,Al86Pr14,0
1126,Al85Pr15,0
1127,Al84Pr16,0
1128,Al83Pr17,0
1129,Al82Pr18,0
1130,Al81Pr19,0
1131,Al80Pr20,0
1132,Al79Pr21,0
1133,Al78Pr22,0
1134,Al77Pr23,0
1135,Al76Pr24,0
1136,Al75Pr25,0
1137,Al74Pr26,0
1138,Al73Pr27,0
1139,Al72Pr28,0
1140,Al71Pr29,0
1141,Al70Pr30,0
1142,Al69Pr31,0
1143,Al68Pr32,0
1144,Al67Pr33,0
1145,Al66Pr34,0
1146,Al65Pr35,0
1147,Al64Pr36,0
1148,Al63Pr37,0
1149,Al62Pr38,0
1150,Al61Pr39,0
1151,Al60Pr40,0
1152,Al59Pr41,0
1153,Al58Pr42,0
1154,Al57Pr43,0
1155,Al56Pr44,0
1156,Al55Pr45,0
1157,Al54Pr46,0
1158,Al53Pr47,0
1159,Al52Pr48,0
1160,Al51Pr49,0
1161,Al50Pr50,0
1162,Al49Pr51,0
1163,Al48Pr52,0
1164,Al47Pr53,0
1165,Al46Pr54,0
1166,Al45Pr55,0
1167,Al44Pr56,0
1168,Al43Pr57,0
1169,Al42Pr58,0
1170,Al41Pr59,0
1171,Al40Pr60,0
1172,Al39Pr61,0
1173,Al38Pr62,0
1174,Al37Pr63,0
1175,Al36Pr64,0
1176,Al35Pr65,0
1177,Al34Pr66,0
1178,Al33Pr67,0
1179,Al32Pr68,0
1180,Al31Pr69,0
1181,Al30Pr70,0
1182,Al29Pr71,0
1183,Al28Pr72,0
1184,Al27Pr73,0
1185,Al26Pr74,0
1186,Al25Pr75,0
1187,Al24Pr76,0
1188,Al23Pr77,0
1189,Al22Pr78,0
1190,Al21Pr79,0
1191,Al20Pr80,0
1192,Al19Pr81,0
1193,Al18Pr82,0
1194,Al17Pr83,0
1195,Al16Pr84,0
1196,Al15Pr85,0
1197,Al14Pr86,0
1198,Al13Pr87,0
1199,Al12Pr88,0
1200,Al11Pr89,0
1201,Al10Pr90,0
1202,Al9Pr91,0
1203,Al8Pr92,0
1204,Al7Pr93,0
1205,Al6Pr94,0
1206,Al5Pr95,0
1207,Al4Pr96,0
1208,Al3Pr97,0
1209,Al2Pr98,0
1210,Al1Pr99,0
1211,Al0Pr100,0
1212,Al100Sm0,0
1213,Al99Sm1,0
1214,Al98Sm2,0
1215,Al97Sm3,0
1216,Al96Sm4,0
1217,Al95Sm5,0
1218,Al94Sm6,0
1219,Al93Sm7,0
1220,Al92Sm8,1
1221,Al91Sm9,1
1222,Al90Sm10,1
1223,Al89Sm11,1
1224,Al88Sm12,1
1225,Al87Sm13,1
1226,Al86Sm14,1
1227,Al85Sm15,1
1228,Al84Sm16,1
1229,Al83Sm17,0
1230,Al82Sm18,0
1231,Al81Sm19,0
1232,Al80Sm20,0
1233,Al79Sm21,0
1234,Al78Sm22,0
1235,Al77Sm23,0
1236,Al76Sm24,0
1237,Al75Sm25,0
1238,Al74Sm26,0
1239,Al73Sm27,0
1240,Al72Sm28,0
1241,Al71Sm29,0
1242,Al70Sm30,0
1243,Al69Sm31,0
1244,Al68Sm32,0
1245,Al67Sm33,0
1246,Al66Sm34,0
1247,Al65Sm35,0
1248,Al64Sm36,0
1249,Al63Sm37,0
1250,Al62Sm38,0
1251,Al61Sm39,0
1252,Al60Sm40,0
1253,Al59Sm41,0
1254,Al58Sm42,0
1255,Al57Sm43,0
1256,Al56Sm44,0
1257,Al55Sm45,0
1258,Al54Sm46,0
1259,Al53Sm47,0
1260,Al52Sm48,0
1261,Al51Sm49,0
1262,Al50Sm50,0
1263,Al49Sm51,0
1264,Al48Sm52,0
1265,Al47Sm53,0
1266,Al46Sm54,0
1267,Al45Sm55,0
1268,Al44Sm56,0
1269,Al43Sm57,0
1270,Al42Sm58,0
1271,Al41Sm59,0
1272,Al40Sm60,0
1273,Al39Sm61,0
1274,Al38Sm62,0
1275,Al37Sm63,0
1276,Al36Sm64,0
1277,Al35Sm65,0
1278,Al34Sm66,0
1279,Al33Sm67,0
1280,Al32Sm68,0
1281,Al31Sm69,0
1282,Al30Sm70,0
1283,Al29Sm71,0
1284,Al28Sm72,0
1285,Al27Sm73,0
1286,Al26Sm74,0
1287,Al25Sm75,0
1288,Al24Sm76,0
1289,Al23Sm77,0
1290,Al22Sm78,0
1291,Al21Sm79,0
1292,Al20Sm80,0
1293,Al19Sm81,0
1294,Al18Sm82,0
1295,Al17Sm83,0
1296,Al16Sm84,0
1297,Al15Sm85,0
1298,Al14Sm86,0
1299,Al13Sm87,0
1300,Al12Sm88,0
1301,Al11Sm89,0
1302,Al10Sm90,0
1303,Al9Sm91,0
1304,Al8Sm92,0
1305,Al7Sm93,0
1306,Al6Sm94,0
1307,Al5Sm95,0
1308,Al4Sm96,0
1309,Al3Sm97,0
1310,Al2Sm98,0
1311,Al1Sm99,0
1312,Al0Sm100,0
1313,Al100Tb0,0
1314,Al99Tb1,0
1315,Al98Tb2,0
1316,Al97Tb3,0
1317,Al96Tb4,0
1318,Al95Tb5,0
1319,Al94Tb6,0
1320,Al93Tb7,0
1321,Al92Tb8,0
1322,Al91Tb9,1
1323,Al90Tb10,1
1324,Al89Tb11,1
1325,Al88Tb12,1
1326,Al87Tb13,1
1327,Al86Tb14,1
1328,Al85Tb15,0
1329,Al84Tb16,0
1330,Al83Tb17,0
1331,Al82Tb18,0
1332,Al81Tb19,0
1333,Al80Tb20,0
1334,Al79Tb21,0
1335,Al78Tb22,0
1336,Al77Tb23,0
1337,Al76Tb24,0
1338,Al75Tb25,0
1339,Al74Tb26,0
1340,Al73Tb27,0
1341,Al72Tb28,0
1342,Al71Tb29,0
1343,Al70Tb30,0
1344,Al69Tb31,0
1345,Al68Tb32,0
1346,Al67Tb33,0
1347,Al66Tb34,0
1348,Al65Tb35,0
1349,Al64Tb36,0
1350,Al63Tb37,0
1351,Al62Tb38,0
1352,Al61Tb39,0
1353,Al60Tb40,0
1354,Al59Tb41,0
1355,Al58Tb42,0
1356,Al57Tb43,0
1357,Al56Tb44,0
1358,Al55Tb45,0
1359,Al54Tb46,0
1360,Al53Tb47,0
1361,Al52Tb48,0
1362,Al51Tb49,0
1363,Al50Tb50,0
1364,Al49Tb51,0
1365,Al48Tb52,0
1366,Al47Tb53,0
1367,Al46Tb54,0
1368,Al45Tb55,0
1369,Al44Tb56,0
1370,Al43Tb57,0
1371,Al42Tb58,0
1372,Al41Tb59,0
1373,Al40Tb60,0
1374,Al39Tb61,0
1375,Al38Tb62,0
1376,Al37Tb63,0
1377,Al36Tb64,0
1378,Al35Tb65,0
1379,Al34Tb66,0
1380,Al33Tb67,0
1381,Al32Tb68,0
1382,Al31Tb69,0
1383,Al30Tb70,0
1384,Al29Tb71,0
1385,Al28Tb72,0
1386,Al27Tb73,0
1387,Al26Tb74,0
1388,Al25Tb75,0
1389,Al24Tb76,0
1390,Al23Tb77,0
1391,Al22Tb78,0
1392,Al21Tb79,0
1393,Al20Tb80,0
1394,Al19Tb81,0
1395,Al18Tb82,0
1396,Al17Tb83,0
1397,Al16Tb84,0
1398,Al15Tb85,0
1399,Al14Tb86,0
1400,Al13Tb87,0
1401,Al12Tb88,0
1402,Al11Tb89,0
1403,Al10Tb90,0
1404,Al9Tb91,0
1405,Al8Tb92,0
1406,Al7Tb93,0
1407,Al6Tb94,0
1408,Al5Tb95,0
1409,Al4Tb96,0
1410,Al3Tb97,0
1411,Al2Tb98,0
1412,Al1Tb99,0
1413,Al0Tb100,0
1414,Al100Y0,0
1415,Al99Y1,0
1416,Al98Y2,0
1417,Al97Y3,0
1418,Al96Y4,0
1419,Al95Y5,0
1420,Al94Y6,0
1421,Al93Y7,0
1422,Al92Y8,1
1423,Al91Y9,1
1424,Al90Y10,1
1425,Al89Y11,1
1426,Al88Y12,1
1427,Al87Y13,1
1428,Al86Y14,1
1429,Al85Y15,1
1430,Al84Y16,0
1431,Al83Y17,0
1432,Al82Y18,0
1433,Al81Y19,0
1434,Al80Y20,0
1435,Al79Y21,0
1436,Al78Y22,0
1437,Al77Y23,0
1438,Al76Y24,0
1439,Al75Y25,0
1440,Al74Y26,0
1441,Al73Y27,0
1442,Al72Y28,0
1443,Al71Y29,0
1444,Al70Y30,0
1445,Al69Y31,0
1446,Al68Y32,0
1447,Al67Y33,0
1448,Al66Y34,0
1449,Al65Y35,0
1450,Al64Y36,0
1451,Al63Y37,0
1452,Al62Y38,0
1453,Al61Y39,0
1454,Al60Y40,0
1455,Al59Y41,0
1456,Al58Y42,0
1457,Al57Y43,0
1458,Al56Y44,0
1459,Al55Y45,0
1460,Al54Y46,0
1461,Al53Y47,0
1462,Al52Y48,0
1463,Al51Y49,0
1464,Al50Y50,0
1465,Al49Y51,0
1466,Al48Y52,0
1467,Al47Y53,0
1468,Al46Y54,0
1469,Al45Y55,0
1470,Al44Y56,0
1471,Al43Y57,0
1472,Al42Y58,0
1473,Al41Y59,0
1474,Al40Y60,0
1475,Al39Y61,0
1476,Al38Y62,0
1477,Al37Y63,0
1478,Al36Y64,0
1479,Al35Y65,0
1480,Al34Y66,0
1481,Al33Y67,0
1482,Al32Y68,0
1483,Al31Y69,0
1484,Al30Y70,0
1485,Al29Y71,0
1486,Al28Y72,0
1487,Al27Y73,0
1488,Al26Y74,0
1489,Al25Y75,0
1490,Al24Y76,0
1491,Al23Y77,0
1492,Al22Y78,0
1493,Al21Y79,0
1494,Al20Y80,0
1495,Al19Y81,0
1496,Al18Y82,0
1497,Al17Y83,0
1498,Al16Y84,0
1499,Al15Y85,0
1500,Al14Y86,0
1501,Al13Y87,0
1502,Al12Y88,0
1503,Al11Y89,0
1504,Al10Y90,0
1505,Al9Y91,0
1506,Al8Y92,0
1507,Al7Y93,0
1508,Al6Y94,0
1509,Al5Y95,0
1510,Al4Y96,0
1511,Al3Y97,0
1512,Al2Y98,0
1513,Al1Y99,0
1514,Al0Y100,0
1515,Al100Yb0,0
1516,Al99Yb1,0
1517,Al98Yb2,0
1518,Al97Yb3,0
1519,Al96Yb4,0
1520,Al95Yb5,0
1521,Al94Yb6,0
1522,Al93Yb7,0
1523,Al92Yb8,0
1524,Al91Yb9,1
1525,Al90Yb10,1
1526,Al89Yb11,1
1527,Al88Yb12,1
1528,Al87Yb13,1
1529,Al86Yb14,0
1530,Al85Yb15,0
1531,Al84Yb16,0
1532,Al83Yb17,0
1533,Al82Yb18,0
1534,Al81Yb19,0
1535,Al80Yb20,0
1536,Al79Yb21,0
1537,Al78Yb22,0
1538,Al77Yb23,0
1539,Al76Yb24,0
1540,Al75Yb25,0
1541,Al74Yb26,0
1542,Al73Yb27,0
1543,Al72Yb28,0
1544,Al71Yb29,0
1545,Al70Yb30,0
1546,Al69Yb31,0
1547,Al68Yb32,0
1548,Al67Yb33,0
1549,Al66Yb34,0
1550,Al65Yb35,0
1551,Al64Yb36,0
1552,Al63Yb37,0
1553,Al62Yb38,0
1554,Al61Yb39,0
1555,Al60Yb40,0
1556,Al59Yb41,0
1557,Al58Yb42,0
1558,Al57Yb43,0
1559,Al56Yb44,0
1560,Al55Yb45,0
1561,Al54Yb46,0
1562,Al53Yb47,0
1563,Al52Yb48,0
1564,Al51Yb49,0
1565,Al50Yb50,0
1566,Al49Yb51,0
1567,Al48Yb52,0
1568,Al47Yb53,0
1569,Al46Yb54,0
1570,Al45Yb55,0
1571,Al44Yb56,0
1572,Al43Yb57,0
1573,Al42Yb58,0
1574,Al41Yb59,0
1575,Al40Yb60,0
1576,Al39Yb61,0
1577,Al38Yb62,0
1578,Al37Yb63,0
1579,Al36Yb64,0
1580,Al35Yb65,0
1581,Al34Yb66,0
1582,Al33Yb67,0
1583,Al32Yb68,0
1584,Al31Yb69,0
1585,Al30Yb70,0
1586,Al29Yb71,0
1587,Al28Yb72,0
1588,Al27Yb73,0
1589,Al26Yb74,0
1590,Al25Yb75,0
1591,Al24Yb76,0
1592,Al23Yb77,0
1593,Al22Yb78,0
1594,Al21Yb79,0
1595,Al20Yb80,0
1596,Al19Yb81,0
1597,Al18Yb82,0
1598,Al17Yb83,0
1599,Al16Yb84,0
1600,Al15Yb85,0
1601,Al14Yb86,0
1602,Al13Yb87,0
1603,Al12Yb88,0
1604,Al11Yb89,0
1605,Al10Yb90,0
1606,Al9Yb91,0
1607,Al8Yb92,0
1608,Al7Yb93,0
1609,Al6Yb94,0
1610,Al5Yb95,0
1611,Al4Yb96,0
1612,Al3Yb97,0
1613,Al2Yb98,0
1614,Al1Yb99,0
1615,Al0Yb100,0
1616,Al100Ti0,0
1617,Al99Ti1,0
1618,Al98Ti2,0
1619,Al97Ti3,0
1620,Al96Ti4,0
1621,Al95Ti5,0
1622,Al94Ti6,0
1623,Al93Ti7,0
1624,Al92Ti8,0
1625,Al91Ti9,0
1626,Al90Ti10,0
1627,Al89Ti11,0
1628,Al88Ti12,0
1629,Al87Ti13,0
1630,Al86Ti14,0
1631,Al85Ti15,0
1632,Al84Ti16,0
1633,Al83Ti17,0
1634,Al82Ti18,0
1635,Al81Ti19,0
1636,Al80Ti20,0
1637,Al79Ti21,0
1638,Al78Ti22,0
1639,Al77Ti23,0
1640,Al76Ti24,0
1641,Al75Ti25,0
1642,Al74Ti26,0
1643,Al73Ti27,0
1644,Al72Ti28,0
1645,Al71Ti29,0
1646,Al70Ti30,0
1647,Al69Ti31,0
1648,Al68Ti32,0
1649,Al67Ti33,0
1650,Al66Ti34,1
1651,Al65Ti35,1
1652,Al64Ti36,1
1653,Al63Ti37,1
1654,Al62Ti38,1
1655,Al61Ti39,1
1656,Al60Ti40,1
1657,Al59Ti41,1
1658,Al58Ti42,1
1659,Al57Ti43,1
1660,Al56Ti44,1
1661,Al55Ti45,1
1662,Al54Ti46,1
1663,Al53Ti47,1
1664,Al52Ti48,1
1665,Al51Ti49,1
1666,Al50Ti50,1
1667,Al49Ti51,1
1668,Al48Ti52,1
1669,Al47Ti53,1
1670,Al46Ti54,1
1671,Al45Ti55,0
1672,Al44Ti56,0
1673,Al43Ti57,0
1674,Al42Ti58,0
1675,Al41Ti59,0
1676,Al40Ti60,0
1677,Al39Ti61,0
1678,Al38Ti62,0
1679,Al37Ti63,0
1680,Al36Ti64,0
1681,Al35Ti65,0
1682,Al34Ti66,0
1683,Al33Ti67,0
1684,Al32Ti68,0
1685,Al31Ti69,0
1686,Al30Ti70,0
1687,Al29Ti71,0
1688,Al28Ti72,0
1689,Al27Ti73,0
1690,Al26Ti74,0
1691,Al25Ti75,0
1692,Al24Ti76,0
1693,Al23Ti77,0
1694,Al22Ti78,0
1695,Al21Ti79,0
1696,Al20Ti80,0
1697,Al19Ti81,0
1698,Al18Ti82,0
1699,Al17Ti83,0
1700,Al16Ti84,0
1701,Al15Ti85,0
1702,Al14Ti86,0
1703,Al13Ti87,0
1704,Al12Ti88,0
1705,Al11Ti89,0
1706,Al10Ti90,0
1707,Al9Ti91,0
1708,Al8Ti92,0
1709,Al7Ti93,0
1710,Al6Ti94,0
1711,Al5Ti95,0
1712,Al4Ti96,0
1713,Al3Ti97,0
1714,Al2Ti98,0
1715,Al1Ti99,0
1716,Al0Ti100,0
1717,Al100U0,0
1718,Al99U1,0
1719,Al98U2,0
1720,Al97U3,0
1721,Al96U4,0
1722,Al95U5,0
1723,Al94U6,0
1724,Al93U7,0
1725,Al92U8,1
1726,Al91U9,1
1727,Al90U10,1
1728,Al89U11,0
1729,Al88U12,0
1730,Al87U13,0
1731,Al86U14,0
1732,Al85U15,0
1733,Al84U16,0
1734,Al83U17,0
1735,Al82U18,0
1736,Al81U19,0
1737,Al80U20,0
1738,Al79U21,0
1739,Al78U22,0
1740,Al77U23,0
1741,Al76U24,0
1742,Al75U25,0
1743,Al74U26,0
1744,Al73U27,0
1745,Al72U28,0
1746,Al71U29,0
1747,Al70U30,0
1748,Al69U31,0
1749,Al68U32,0
1750,Al67U33,0
1751,Al66U34,0
1752,Al65U35,0
1753,Al64U36,0
1754,Al63U37,0
1755,Al62U38,0
1756,Al61U39,0
1757,Al60U40,0
1758,Al59U41,0
1759,Al58U42,0
1760,Al57U43,0
1761,Al56U44,0
1762,Al55U45,0
1763,Al54U46,0
1764,Al53U47,0
1765,Al52U48,0
1766,Al51U49,0
1767,Al50U50,0
1768,Al49U51,0
1769,Al48U52,0
1770,Al47U53,0
1771,Al46U54,0
1772,Al45U55,0
1773,Al44U56,0
1774,Al43U57,0
1775,Al42U58,0
1776,Al41U59,0
1777,Al40U60,0
1778,Al39U61,0
1779,Al38U62,0
1780,Al37U63,0
1781,Al36U64,0
1782,Al35U65,0
1783,Al34U66,0
1784,Al33U67,0
1785,Al32U68,0
1786,Al31U69,0
1787,Al30U70,0
1788,Al29U71,0
1789,Al28U72,0
1790,Al27U73,0
1791,Al26U74,0
1792,Al25U75,0
1793,Al24U76,0
1794,Al23U77,0
1795,Al22U78,0
1796,Al21U79,0
1797,Al20U80,0
1798,Al19U81,0
1799,Al18U82,0
1800,Al17U83,0
1801,Al16U84,0
1802,Al15U85,0
1803,Al14U86,0
1804,Al13U87,0
1805,Al12U88,0
1806,Al11U89,0
1807,Al10U90,0
1808,Al9U91,0
1809,Al8U92,0
1810,Al7U93,0
1811,Al6U94,0
1812,Al5U95,0
1813,Al4U96,0
1814,Al3U97,0
1815,Al2U98,0
1816,Al1U99,0
1817,Al0U100,0
1818,Al100Zr0,0
1819,Al99Zr1,0
1820,Al98Zr2,0
1821,Al97Zr3,0
1822,Al96Zr4,0
1823,Al95Zr5,0
1824,Al94Zr6,0
1825,Al93Zr7,0
1826,Al92Zr8,0
1827,Al91Zr9,0
1828,Al90Zr10,0
1829,Al89Zr11,0
1830,Al88Zr12,0
1831,Al87Zr13,0
1832,Al86Zr14,0
1833,Al85Zr15,0
1834,Al84Zr16,0
1835,Al83Zr17,0
1836,Al82Zr18,0
1837,Al81Zr19,0
1838,Al80Zr20,0
1839,Al79Zr21,0
1840,Al78Zr22,0
1841,Al77Zr23,0
1842,Al76Zr24,0
1843,Al75Zr25,0
1844,Al74Zr26,0
1845,Al73Zr27,0
1846,Al72Zr28,0
1847,Al71Zr29,0
1848,Al70Zr30,0
1849,Al69Zr31,0
1850,Al68Zr32,0
1851,Al67Zr33,0
1852,Al66Zr34,0
1853,Al65Zr35,0
1854,Al64Zr36,0
1855,Al63Zr37,0
1856,Al62Zr38,0
1857,Al61Zr39,0
1858,Al60Zr40,0
1859,Al59Zr41,0
1860,Al58Zr42,0
1861,Al57Zr43,0
1862,Al56Zr44,0
1863,Al55Zr45,1
1864,Al54Zr46,1
1865,Al53Zr47,1
1866,Al52Zr48,1
1867,Al51Zr49,1
1868,Al50Zr50,1
1869,Al49Zr51,1
1870,Al48Zr52,1
1871,Al47Zr53,1
1872,Al46Zr54,0
1873,Al45Zr55,0
1874,Al44Zr56,0
1875,Al43Zr57,0
1876,Al42Zr58,0
1877,Al41Zr59,0
1878,Al40Zr60,0
1879,Al39Zr61,0
1880,Al38Zr62,0
1881,Al37Zr63,0
1882,Al36Zr64,0
1883,Al35Zr65,0
1884,Al34Zr66,0
1885,Al33Zr67,0
1886,Al32Zr68,0
1887,Al31Zr69,0
1888,Al30Zr70,0
1889,Al29Zr71,0
1890,Al28Zr72,0
1891,Al27Zr73,0
1892,Al26Zr74,0
1893,Al25Zr75,0
1894,Al24Zr76,0
1895,Al23Zr77,0
1896,Al22Zr78,0
1897,Al21Zr79,0
1898,Al20Zr80,0
1899,Al19Zr81,0
1900,Al18Zr82,0
1901,Al17Zr83,0
1902,Al16Zr84,0
1903,Al15Zr85,0
1904,Al14Zr86,0
1905,Al13Zr87,0
1906,Al12Zr88,0
1907,Al11Zr89,0
1908,Al10Zr90,0
1909,Al9Zr91,0
1910,Al8Zr92,0
1911,Al7Zr93,0
1912,Al6Zr94,0
1913,Al5Zr95,0
1914,Al4Zr96,0
1915,Al3Zr97,0
1916,Al2Zr98,0
1917,Al1Zr99,0
1918,Al0Zr100,0
1919,Al100Zr0,0
1920,Al99Zr1,0
1921,Al98Zr2,0
1922,Al97Zr3,0
1923,Al96Zr4,0
1924,Al95Zr5,0
1925,Al94Zr6,0
1926,Al93Zr7,0
1927,Al92Zr8,0
1928,Al91Zr9,0
1929,Al90Zr10,0
1930,Al89Zr11,0
1931,Al88Zr12,0
1932,Al87Zr13,0
1933,Al86Zr14,0
1934,Al85Zr15,0
1935,Al84Zr16,0
1936,Al83Zr17,0
1937,Al82Zr18,0
1938,Al81Zr19,0
1939,Al80Zr20,0
1940,Al79Zr21,0
1941,Al78Zr22,0
1942,Al77Zr23,0
1943,Al76Zr24,0
1944,Al75Zr25,0
1945,Al74Zr26,0
1946,Al73Zr27,0
1947,Al72Zr28,0
1948,Al71Zr29,0
1949,Al70Zr30,0
1950,Al69Zr31,0
1951,Al68Zr32,0
1952,Al67Zr33,0
1953,Al66Zr34,0
1954,Al65Zr35,0
1955,Al64Zr36,0
1956,Al63Zr37,0
1957,Al62Zr38,0
1958,Al61Zr39,0
1959,Al60Zr40,0
1960,Al59Zr41,0
1961,Al58Zr42,0
1962,Al57Zr43,0
1963,Al56Zr44,0
1964,Al55Zr45,0
1965,Al54Zr46,0
1966,Al53Zr47,0
1967,Al52Zr48,0
1968,Al51Zr49,0
1969,Al50Zr50,0
1970,Al49Zr51,0
1971,Al48Zr52,0
1972,Al47Zr53,0
1973,Al46Zr54,0
1974,Al45Zr55,0
1975,Al44Zr56,0
1976,Al43Zr57,0
1977,Al42Zr58,0
1978,Al41Zr59,0
1979,Al40Zr60,0
1980,Al39Zr61,0
1981,Al38Zr62,0
1982,Al37Zr63,1
1983,Al36Zr64,1
1984,Al35Zr65,1
1985,Al34Zr66,1
1986,Al33Zr67,1
1987,Al32Zr68,1
1988,Al31Zr69,1
1989,Al30Zr70,1
1990,Al29Zr71,1
1991,Al28Zr72,1
1992,Al27Zr73,1
1993,Al26Zr74,1
1994,Al25Zr75,0
1995,Al24Zr76,0
1996,Al23Zr77,0
1997,Al22Zr78,0
1998,Al21Zr79,0
1999,Al20Zr80,0
2000,Al19Zr81,0
2001,Al18Zr82,0
2002,Al17Zr83,0
2003,Al16Zr84,0
2004,Al15Zr85,0
2005,Al14Zr86,0
2006,Al13Zr87,0
2007,Al12Zr88,0
2008,Al11Zr89,0
2009,Al10Zr90,0
2010,Al9Zr91,0
2011,Al8Zr92,0
2012,Al7Zr93,0
2013,Al6Zr94,0
2014,Al5Zr95,0
2015,Al4Zr96,0
2016,Al3Zr97,0
2017,Al2Zr98,0
2018,Al1Zr99,0
2019,Al0Zr100,0
2020,Be100Ti0,0
2021,Be99Ti1,0
2022,Be98Ti2,0
2023,Be97Ti3,0
2024,Be96Ti4,0
2025,Be95Ti5,0
2026,Be94Ti6,0
2027,Be93Ti7,0
2028,Be92Ti8,0
2029,Be91Ti9,0
2030,Be90Ti10,0
2031,Be89Ti11,0
2032,Be88Ti12,0
2033,Be87Ti13,0
2034,Be86Ti14,0
2035,Be85Ti15,0
2036,Be84Ti16,0
2037,Be83Ti17,0
2038,Be82Ti18,0
2039,Be81Ti19,0
2040,Be80Ti20,0
2041,Be79Ti21,0
2042,Be78Ti22,0
2043,Be77Ti23,0
2044,Be76Ti24,0
2045,Be75Ti25,0
2046,Be74Ti26,0
2047,Be73Ti27,0
2048,Be72Ti28,0
2049,Be71Ti29,0
2050,Be70Ti30,0
2051,Be69Ti31,0
2052,Be68Ti32,0
2053,Be67Ti33,0
2054,Be66Ti34,0
2055,Be65Ti35,0
2056,Be64Ti36,0
2057,Be63Ti37,0
2058,Be62Ti38,0
2059,Be61Ti39,0
2060,Be60Ti40,0
2061,Be59Ti41,0
2062,Be58Ti42,0
2063,Be57Ti43,0
2064,Be56Ti44,0
2065,Be55Ti45,0
2066,Be54Ti46,0
2067,Be53Ti47,0
2068,Be52Ti48,0
2069,Be51Ti49,0
2070,Be50Ti50,0
2071,Be49Ti51,0
2072,Be48Ti52,0
2073,Be47Ti53,0
2074,Be46Ti54,0
2075,Be45Ti55,0
2076,Be44Ti56,0
2077,Be43Ti57,0
2078,Be42Ti58,0
2079,Be41Ti59,1
2080,Be40Ti60,1
2081,Be39Ti61,1
2082,Be38Ti62,1
2083,Be37Ti63,1
2084,Be36Ti64,0
2085,Be35Ti65,0
2086,Be34Ti66,0
2087,Be33Ti67,0
2088,Be32Ti68,0
2089,Be31Ti69,0
2090,Be30Ti70,0
2091,Be29Ti71,0
2092,Be28Ti72,0
2093,Be27Ti73,0
2094,Be26Ti74,0
2095,Be25Ti75,0
2096,Be24Ti76,0
2097,Be23Ti77,0
2098,Be22Ti78,0
2099,Be21Ti79,0
2100,Be20Ti80,0
2101,Be19Ti81,0
2102,Be18Ti82,0
2103,Be17Ti83,0
2104,Be16Ti84,0
2105,Be15Ti85,0
2106,Be14Ti86,0
2107,Be13Ti87,0
2108,Be12Ti88,0
2109,Be11Ti89,0
2110,Be10Ti90,0
2111,Be9Ti91,0
2112,Be8Ti92,0
2113,Be7Ti93,0
2114,Be6Ti94,0
2115,Be5Ti95,0
2116,Be4Ti96,0
2117,Be3Ti97,0
2118,Be2Ti98,0
2119,Be1Ti99,0
2120,Be0Ti100,0
2121,Be100Zr0,0
2122,Be99Zr1,0
2123,Be98Zr2,0
2124,Be97Zr3,0
2125,Be96Zr4,0
2126,Be95Zr5,0
2127,Be94Zr6,0
2128,Be93Zr7,0
2129,Be92Zr8,0
2130,Be91Zr9,0
2131,Be90Zr10,0
2132,Be89Zr11,0
2133,Be88Zr12,0
2134,Be87Zr13,0
2135,Be86Zr14,0
2136,Be85Zr15,0
2137,Be84Zr16,0
2138,Be83Zr17,0
2139,Be82Zr18,0
2140,Be81Zr19,0
2141,Be80Zr20,0
2142,Be79Zr21,0
2143,Be78Zr22,0
2144,Be77Zr23,0
2145,Be76Zr24,0
2146,Be75Zr25,0
2147,Be74Zr26,0
2148,Be73Zr27,0
2149,Be72Zr28,0
2150,Be71Zr29,0
2151,Be70Zr30,0
2152,Be69Zr31,0
2153,Be68Zr32,0
2154,Be67Zr33,0
2155,Be66Zr34,0
2156,Be65Zr35,0
2157,Be64Zr36,0
2158,Be63Zr37,0
2159,Be62Zr38,0
2160,Be61Zr39,0
2161,Be60Zr40,0
2162,Be59Zr41,0
2163,Be58Zr42,0
2164,Be57Zr43,0
2165,Be56Zr44,0
2166,Be55Zr45,0
2167,Be54Zr46,0
2168,Be53Zr47,0
2169,Be52Zr48,0
2170,Be51Zr49,0
2171,Be50Zr50,1
2172,Be49Zr51,1
2173,Be48Zr52,1
2174,Be47Zr53,1
2175,Be46Zr54,1
2176,Be45Zr55,1
2177,Be44Zr56,1
2178,Be43Zr57,1
2179,Be42Zr58,1
2180,Be41Zr59,1
2181,Be40Zr60,1
2182,Be39Zr61,1
2183,Be38Zr62,1
2184,Be37Zr63,1
2185,Be36Zr64,1
2186,Be35Zr65,1
2187,Be34Zr66,1
2188,Be33Zr67,1
2189,Be32Zr68,1
2190,Be31Zr69,1
2191,Be30Zr70,1
2192,Be29Zr71,0
2193,Be28Zr72,0
2194,Be27Zr73,0
2195,Be26Zr74,0
2196,Be25Zr75,0
2197,Be24Zr76,0
2198,Be23Zr77,0
2199,Be22Zr78,0
2200,Be21Zr79,0
2201,Be20Zr80,0
2202,Be19Zr81,0
2203,Be18Zr82,0
2204,Be17Zr83,0
2205,Be16Zr84,0
2206,Be15Zr85,0
2207,Be14Zr86,0
2208,Be13Zr87,0
2209,Be12Zr88,0
2210,Be11Zr89,0
2211,Be10Zr90,0
2212,Be9Zr91,0
2213,Be8Zr92,0
2214,Be7Zr93,0
2215,Be6Zr94,0
2216,Be5Zr95,0
2217,Be4Zr96,0
2218,Be3Zr97,0
2219,Be2Zr98,0
2220,Be1Zr99,0
2221,Be0Zr100,0
2222,Co100Gd0,0
2223,Co99Gd1,0
2224,Co98Gd2,0
2225,Co97Gd3,0
2226,Co96Gd4,0
2227,Co95Gd5,0
2228,Co94Gd6,0
2229,Co93Gd7,0
2230,Co92Gd8,0
2231,Co91Gd9,0
2232,Co90Gd10,0
2233,Co89Gd11,0
2234,Co88Gd12,0
2235,Co87Gd13,0
2236,Co86Gd14,0
2237,Co85Gd15,0
2238,Co84Gd16,0
2239,Co83Gd17,0
2240,Co82Gd18,0
2241,Co81Gd19,0
2242,Co80Gd20,0
2243,Co79Gd21,0
2244,Co78Gd22,0
2245,Co77Gd23,0
2246,Co76Gd24,0
2247,Co75Gd25,0
2248,Co74Gd26,0
2249,Co73Gd27,0
2250,Co72Gd28,0
2251,Co71Gd29,0
2252,Co70Gd30,0
2253,Co69Gd31,0
2254,Co68Gd32,0
2255,Co67Gd33,0
2256,Co66Gd34,0
2257,Co65Gd35,0
2258,Co64Gd36,0
2259,Co63Gd37,0
2260,Co62Gd38,0
2261,Co61Gd39,0
2262,Co60Gd40,0
2263,Co59Gd41,0
2264,Co58Gd42,0
2265,Co57Gd43,0
2266,Co56Gd44,0
2267,Co55Gd45,0
2268,Co54Gd46,0
2269,Co53Gd47,0
2270,Co52Gd48,0
2271,Co51Gd49,0
2272,Co50Gd50,0
2273,Co49Gd51,0
2274,Co48Gd52,0
2275,Co47Gd53,0
2276,Co46Gd54,0
2277,Co45Gd55,0
2278,Co44Gd56,0
2279,Co43Gd57,0
2280,Co42Gd58,0
2281,Co41Gd59,0
2282,Co40Gd60,0
2283,Co39Gd61,0
2284,Co38Gd62,1
2285,Co37Gd63,1
2286,Co36Gd64,1
2287,Co35Gd65,1
2288,Co34Gd66,1
2289,Co33Gd67,1
2290,Co32Gd68,1
2291,Co31Gd69,1
2292,Co30Gd70,1
2293,Co29Gd71,1
2294,Co28Gd72,0
2295,Co27Gd73,0
2296,Co26Gd74,0
2297,Co25Gd75,0
2298,Co24Gd76,0
2299,Co23Gd77,0
2300,Co22Gd78,0
2301,Co21Gd79,0
2302,Co20Gd80,0
2303,Co19Gd81,0
2304,Co18Gd82,0
2305,Co17Gd83,0
2306,Co16Gd84,0
2307,Co15Gd85,0
2308,Co14Gd86,0
2309,Co13Gd87,0
2310,Co12Gd88,0
2311,Co11Gd89,0
2312,Co10Gd90,0
2313,Co9Gd91,0
2314,Co8Gd92,0
2315,Co7Gd93,0
2316,Co6Gd94,0
2317,Co5Gd95,0
2318,Co4Gd96,0
2319,Co3Gd97,0
2320,Co2Gd98,0
2321,Co1Gd99,0
2322,Co0Gd100,0
2323,Co100Tb0,0
2324,Co99Tb1,0
2325,Co98Tb2,0
2326,Co97Tb3,0
2327,Co96Tb4,0
2328,Co95Tb5,0
2329,Co94Tb6,0
2330,Co93Tb7,0
2331,Co92Tb8,0
2332,Co91Tb9,0
2333,Co90Tb10,0
2334,Co89Tb11,0
2335,Co88Tb12,0
2336,Co87Tb13,0
2337,Co86Tb14,0
2338,Co85Tb15,0
2339,Co84Tb16,0
2340,Co83Tb17,0
2341,Co82Tb18,0
2342,Co81Tb19,0
2343,Co80Tb20,0
2344,Co79Tb21,0
2345,Co78Tb22,0
2346,Co77Tb23,0
2347,Co76Tb24,0
2348,Co75Tb25,0
2349,Co74Tb26,0
2350,Co73Tb27,0
2351,Co72Tb28,0
2352,Co71Tb29,0
2353,Co70Tb30,0
2354,Co69Tb31,0
2355,Co68Tb32,0
2356,Co67Tb33,0
2357,Co66Tb34,0
2358,Co65Tb35,0
2359,Co64Tb36,0
2360,Co63Tb37,0
2361,Co62Tb38,0
2362,Co61Tb39,0
2363,Co60Tb40,0
2364,Co59Tb41,0
2365,Co58Tb42,0
2366,Co57Tb43,0
2367,Co56Tb44,0
2368,Co55Tb45,1
2369,Co54Tb46,1
2370,Co53Tb47,1
2371,Co52Tb48,1
2372,Co51Tb49,1
2373,Co50Tb50,1
2374,Co49Tb51,1
2375,Co48Tb52,1
2376,Co47Tb53,1
2377,Co46Tb54,1
2378,Co45Tb55,1
2379,Co44Tb56,1
2380,Co43Tb57,1
2381,Co42Tb58,1
2382,Co41Tb59,1
2383,Co40Tb60,1
2384,Co39Tb61,1
2385,Co38Tb62,1
2386,Co37Tb63,1
2387,Co36Tb64,1
2388,Co35Tb65,1
2389,Co34Tb66,0
2390,Co33Tb67,0
2391,Co32Tb68,0
2392,Co31Tb69,0
2393,Co30Tb70,0
2394,Co29Tb71,0
2395,Co28Tb72,0
2396,Co27Tb73,0
2397,Co26Tb74,0
2398,Co25Tb75,0
2399,Co24Tb76,0
2400,Co23Tb77,0
2401,Co22Tb78,0
2402,Co21Tb79,0
2403,Co20Tb80,0
2404,Co19Tb81,0
2405,Co18Tb82,0
2406,Co17Tb83,0
2407,Co16Tb84,0
2408,Co15Tb85,0
2409,Co14Tb86,0
2410,Co13Tb87,0
2411,Co12Tb88,0
2412,Co11Tb89,0
2413,Co10Tb90,0
2414,Co9Tb91,0
2415,Co8Tb92,0
2416,Co7Tb93,0
2417,Co6Tb94,0
2418,Co5Tb95,0
2419,Co4Tb96,0
2420,Co3Tb97,0
2421,Co2Tb98,0
2422,Co1Tb99,0
2423,Co0Tb100,0
2424,Co100Zr0,0
2425,Co99Zr1,0
2426,Co98Zr2,0
2427,Co97Zr3,0
2428,Co96Zr4,0
2429,Co95Zr5,0
2430,Co94Zr6,0
2431,Co93Zr7,0
2432,Co92Zr8,0
2433,Co91Zr9,0
2434,Co90Zr10,0
2435,Co89Zr11,0
2436,Co88Zr12,0
2437,Co87Zr13,0
2438,Co86Zr14,0
2439,Co85Zr15,0
2440,Co84Zr16,0
2441,Co83Zr17,0
2442,Co82Zr18,0
2443,Co81Zr19,0
2444,Co80Zr20,0
2445,Co79Zr21,0
2446,Co78Zr22,0
2447,Co77Zr23,0
2448,Co76Zr24,0
2449,Co75Zr25,0
2450,Co74Zr26,0
2451,Co73Zr27,0
2452,Co72Zr28,0
2453,Co71Zr29,0
2454,Co70Zr30,0
2455,Co69Zr31,0
2456,Co68Zr32,0
2457,Co67Zr33,0
2458,Co66Zr34,0
2459,Co65Zr35,0
2460,Co64Zr36,0
2461,Co63Zr37,0
2462,Co62Zr38,0
2463,Co61Zr39,0
2464,Co60Zr40,0
2465,Co59Zr41,0
2466,Co58Zr42,1
2467,Co57Zr43,1
2468,Co56Zr44,1
2469,Co55Zr45,1
2470,Co54Zr46,1
2471,Co53Zr47,1
2472,Co52Zr48,1
2473,Co51Zr49,1
2474,Co50Zr50,1
2475,Co49Zr51,1
2476,Co48Zr52,1
2477,Co47Zr53,1
2478,Co46Zr54,1
2479,Co45Zr55,1
2480,Co44Zr56,1
2481,Co43Zr57,1
2482,Co42Zr58,1
2483,Co41Zr59,1
2484,Co40Zr60,1
2485,Co39Zr61,1
2486,Co38Zr62,1
2487,Co37Zr63,1
2488,Co36Zr64,1
2489,Co35Zr65,1
2490,Co34Zr66,1
2491,Co33Zr67,1
2492,Co32Zr68,1
2493,Co31Zr69,1
2494,Co30Zr70,1
2495,Co29Zr71,1
2496,Co28Zr72,1
2497,Co27Zr73,1
2498,Co26Zr74,1
2499,Co25Zr75,1
2500,Co24Zr76,1
2501,Co23Zr77,1
2502,Co22Zr78,1
2503,Co21Zr79,1
2504,Co20Zr80,1
2505,Co19Zr81,0
2506,Co18Zr82,0
2507,Co17Zr83,0
2508,Co16Zr84,0
2509,Co15Zr85,0
2510,Co14Zr86,0
2511,Co13Zr87,0
2512,Co12Zr88,0
2513,Co11Zr89,0
2514,Co10Zr90,0
2515,Co9Zr91,0
2516,Co8Zr92,0
2517,Co7Zr93,0
2518,Co6Zr94,0
2519,Co5Zr95,0
2520,Co4Zr96,0
2521,Co3Zr97,0
2522,Co2Zr98,0
2523,Co1Zr99,0
2524,Co0Zr100,0
2525,Cr100Fe0,0
2526,Cr99Fe1,0
2527,Cr98Fe2,0
2528,Cr97Fe3,0
2529,Cr96Fe4,0
2530,Cr95Fe5,0
2531,Cr94Fe6,0
2532,Cr93Fe7,0
2533,Cr92Fe8,0
2534,Cr91Fe9,1
2535,Cr90Fe10,1
2536,Cr89Fe11,1
2537,Cr88Fe12,1
2538,Cr87Fe13,1
2539,Cr86Fe14,1
2540,Cr85Fe15,1
2541,Cr84Fe16,1
2542,Cr83Fe17,1
2543,Cr82Fe18,1
2544,Cr81Fe19,1
2545,Cr80Fe20,1
2546,Cr79Fe21,1
2547,Cr78Fe22,1
2548,Cr77Fe23,1
2549,Cr76Fe24,1
2550,Cr75Fe25,1
2551,Cr74Fe26,1
2552,Cr73Fe27,1
2553,Cr72Fe28,1
2554,Cr71Fe29,1
2555,Cr70Fe30,1
2556,Cr69Fe31,1
2557,Cr68Fe32,1
2558,Cr67Fe33,1
2559,Cr66Fe34,1
2560,Cr65Fe35,1
2561,Cr64Fe36,1
2562,Cr63Fe37,1
2563,Cr62Fe38,1
2564,Cr61Fe39,1
2565,Cr60Fe40,1
2566,Cr59Fe41,1
2567,Cr58Fe42,1
2568,Cr57Fe43,1
2569,Cr56Fe44,1
2570,Cr55Fe45,1
2571,Cr54Fe46,1
2572,Cr53Fe47,1
2573,Cr52Fe48,1
2574,Cr51Fe49,1
2575,Cr50Fe50,1
2576,Cr49Fe51,1
2577,Cr48Fe52,1
2578,Cr47Fe53,1
2579,Cr46Fe54,1
2580,Cr45Fe55,1
2581,Cr44Fe56,1
2582,Cr43Fe57,1
2583,Cr42Fe58,1
2584,Cr41Fe59,1
2585,Cr40Fe60,0
2586,Cr39Fe61,0
2587,Cr38Fe62,0
2588,Cr37Fe63,0
2589,Cr36Fe64,0
2590,Cr35Fe65,0
2591,Cr34Fe66,0
2592,Cr33Fe67,0
2593,Cr32Fe68,0
2594,Cr31Fe69,0
2595,Cr30Fe70,0
2596,Cr29Fe71,0
2597,Cr28Fe72,0
2598,Cr27Fe73,0
2599,Cr26Fe74,0
2600,Cr25Fe75,0
2601,Cr24Fe76,0
2602,Cr23Fe77,0
2603,Cr22Fe78,0
2604,Cr21Fe79,0
2605,Cr20Fe80,0
2606,Cr19Fe81,0
2607,Cr18Fe82,0
2608,Cr17Fe83,0
2609,Cr16Fe84,0
2610,Cr15Fe85,0
2611,Cr14Fe86,0
2612,Cr13Fe87,0
2613,Cr12Fe88,0
2614,Cr11Fe89,0
2615,Cr10Fe90,0
2616,Cr9Fe91,0
2617,Cr8Fe92,0
2618,Cr7Fe93,0
2619,Cr6Fe94,0
2620,Cr5Fe95,0
2621,Cr4Fe96,0
2622,Cr3Fe97,0
2623,Cr2Fe98,0
2624,Cr1Fe99,0
2625,Cr0Fe100,0
2626,Cr100Co0,0
2627,Cr99Co1,0
2628,Cr98Co2,0
2629,Cr97Co3,0
2630,Cr96Co4,0
2631,Cr95Co5,0
2632,Cr94Co6,0
2633,Cr93Co7,0
2634,Cr92Co8,0
2635,Cr91Co9,0
2636,Cr90Co10,0
2637,Cr89Co11,0
2638,Cr88Co12,0
2639,Cr87Co13,0
2640,Cr86Co14,0
2641,Cr85Co15,1
2642,Cr84Co16,1
2643,Cr83Co17,1
2644,Cr82Co18,1
2645,Cr81Co19,1
2646,Cr80Co20,1
2647,Cr79Co21,1
2648,Cr78Co22,1
2649,Cr77Co23,1
2650,Cr76Co24,1
2651,Cr75Co25,1
2652,Cr74Co26,1
2653,Cr73Co27,1
2654,Cr72Co28,1
2655,Cr71Co29,1
2656,Cr70Co30,1
2657,Cr69Co31,1
2658,Cr68Co32,1
2659,Cr67Co33,1
2660,Cr66Co34,1
2661,Cr65Co35,1
2662,Cr64Co36,1
2663,Cr63Co37,1
2664,Cr62Co38,1
2665,Cr61Co39,1
2666,Cr60Co40,1
2667,Cr59Co41,1
2668,Cr58Co42,1
2669,Cr57Co43,1
2670,Cr56Co44,1
2671,Cr55Co45,1
2672,Cr54Co46,1
2673,Cr53Co47,1
2674,Cr52Co48,1
2675,Cr51Co49,1
2676,Cr50Co50,1
2677,Cr49Co51,1
2678,Cr48Co52,1
2679,Cr47Co53,1
2680,Cr46Co54,1
2681,Cr45Co55,1
2682,Cr44Co56,1
2683,Cr43Co57,0
2684,Cr42Co58,0
2685,Cr41Co59,0
2686,Cr40Co60,0
2687,Cr39Co61,0
2688,Cr38Co62,0
2689,Cr37Co63,0
2690,Cr36Co64,0
2691,Cr35Co65,0
2692,Cr34Co66,0
2693,Cr33Co67,0
2694,Cr32Co68,0
2695,Cr31Co69,0
2696,Cr30Co70,0
2697,Cr29Co71,0
2698,Cr28Co72,0
2699,Cr27Co73,0
2700,Cr26Co74,0
2701,Cr25Co75,0
2702,Cr24Co76,0
2703,Cr23Co77,0
2704,Cr22Co78,0
2705,Cr21Co79,0
2706,Cr20Co80,0
2707,Cr19Co81,0
2708,Cr18Co82,0
2709,Cr17Co83,0
2710,Cr16Co84,0
2711,Cr15Co85,0
2712,Cr14Co86,0
2713,Cr13Co87,0
2714,Cr12Co88,0
2715,Cr11Co89,0
2716,Cr10Co90,0
2717,Cr9Co91,0
2718,Cr8Co92,0
2719,Cr7Co93,0
2720,Cr6Co94,0
2721,Cr5Co95,0
2722,Cr4Co96,0
2723,Cr3Co97,0
2724,Cr2Co98,0
2725,Cr1Co99,0
2726,Cr0Co100,0
2727,Cr100Ni0,0
2728,Cr99Ni1,0
2729,Cr98Ni2,0
2730,Cr97Ni3,0
2731,Cr96Ni4,0
2732,Cr95Ni5,0
2733,Cr94Ni6,0
2734,Cr93Ni7,0
2735,Cr92Ni8,0
2736,Cr91Ni9,0
2737,Cr90Ni10,0
2738,Cr89Ni11,0
2739,Cr88Ni12,0
2740,Cr87Ni13,0
2741,Cr86Ni14,0
2742,Cr85Ni15,0
2743,Cr84Ni16,0
2744,Cr83Ni17,0
2745,Cr82Ni18,0
2746,Cr81Ni19,0
2747,Cr80Ni20,0
2748,Cr79Ni21,0
2749,Cr78Ni22,0
2750,Cr77Ni23,0
2751,Cr76Ni24,0
2752,Cr75Ni25,0
2753,Cr74Ni26,0
2754,Cr73Ni27,1
2755,Cr72Ni28,1
2756,Cr71Ni29,1
2757,Cr70Ni30,1
2758,Cr69Ni31,1
2759,Cr68Ni32,1
2760,Cr67Ni33,1
2761,Cr66Ni34,1
2762,Cr65Ni35,1
2763,Cr64Ni36,1
2764,Cr63Ni37,1
2765,Cr62Ni38,1
2766,Cr61Ni39,1
2767,Cr60Ni40,1
2768,Cr59Ni41,1
2769,Cr58Ni42,1
2770,Cr57Ni43,1
2771,Cr56Ni44,1
2772,Cr55Ni45,1
2773,Cr54Ni46,1
2774,Cr53Ni47,1
2775,Cr52Ni48,1
2776,Cr51Ni49,1
2777,Cr50Ni50,1
2778,Cr49Ni51,1
2779,Cr48Ni52,0
2780,Cr47Ni53,0
2781,Cr46Ni54,0
2782,Cr45Ni55,0
2783,Cr44Ni56,0
2784,Cr43Ni57,0
2785,Cr42Ni58,0
2786,Cr41Ni59,0
2787,Cr40Ni60,0
2788,Cr39Ni61,0
2789,Cr38Ni62,0
2790,Cr37Ni63,0
2791,Cr36Ni64,0
2792,Cr35Ni65,0
2793,Cr34Ni66,0
2794,Cr33Ni67,0
2795,Cr32Ni68,0
2796,Cr31Ni69,0
2797,Cr30Ni70,0
2798,Cr29Ni71,0
2799,Cr28Ni72,0
2800,Cr27Ni73,0
2801,Cr26Ni74,0
2802,Cr25Ni75,0
2803,Cr24Ni76,0
2804,Cr23Ni77,0
2805,Cr22Ni78,0
2806,Cr21Ni79,0
2807,Cr20Ni80,0
2808,Cr19Ni81,0
2809,Cr18Ni82,0
2810,Cr17Ni83,0
2811,Cr16Ni84,0
2812,Cr15Ni85,0
2813,Cr14Ni86,0
2814,Cr13Ni87,0
2815,Cr12Ni88,0
2816,Cr11Ni89,0
2817,Cr10Ni90,0
2818,Cr9Ni91,0
2819,Cr8Ni92,0
2820,Cr7Ni93,0
2821,Cr6Ni94,0
2822,Cr5Ni95,0
2823,Cr4Ni96,0
2824,Cr3Ni97,0
2825,Cr2Ni98,0
2826,Cr1Ni99,0
2827,Cr0Ni100,0
2828,Cr100Nb0,0
2829,Cr99Nb1,0
2830,Cr98Nb2,0
2831,Cr97Nb3,0
2832,Cr96Nb4,0
2833,Cr95Nb5,0
2834,Cr94Nb6,0
2835,Cr93Nb7,0
2836,Cr92Nb8,0
2837,Cr91Nb9,0
2838,Cr90Nb10,0
2839,Cr89Nb11,1
2840,Cr88Nb12,1
2841,Cr87Nb13,1
2842,Cr86Nb14,1
2843,Cr85Nb15,1
2844,Cr84Nb16,1
2845,Cr83Nb17,1
2846,Cr82Nb18,0
2847,Cr81Nb19,0
2848,Cr80Nb20,0
2849,Cr79Nb21,0
2850,Cr78Nb22,0
2851,Cr77Nb23,0
2852,Cr76Nb24,0
2853,Cr75Nb25,0
2854,Cr74Nb26,0
2855,Cr73Nb27,0
2856,Cr72Nb28,0
2857,Cr71Nb29,0
2858,Cr70Nb30,0
2859,Cr69Nb31,0
2860,Cr68Nb32,0
2861,Cr67Nb33,0
2862,Cr66Nb34,0
2863,Cr65Nb35,0
2864,Cr64Nb36,0
2865,Cr63Nb37,0
2866,Cr62Nb38,0
2867,Cr61Nb39,0
2868,Cr60Nb40,0
2869,Cr59Nb41,0
2870,Cr58Nb42,0
2871,Cr57Nb43,0
2872,Cr56Nb44,0
2873,Cr55Nb45,0
2874,Cr54Nb46,0
2875,Cr53Nb47,0
2876,Cr52Nb48,0
2877,Cr51Nb49,0
2878,Cr50Nb50,0
2879,Cr49Nb51,0
2880,Cr48Nb52,0
2881,Cr47Nb53,0
2882,Cr46Nb54,0
2883,Cr45Nb55,0
2884,Cr44Nb56,0
2885,Cr43Nb57,0
2886,Cr42Nb58,0
2887,Cr41Nb59,0
2888,Cr40Nb60,0
2889,Cr39Nb61,0
2890,Cr38Nb62,0
2891,Cr37Nb63,0
2892,Cr36Nb64,0
2893,Cr35Nb65,0
2894,Cr34Nb66,0
2895,Cr33Nb67,0
2896,Cr32Nb68,0
2897,Cr31Nb69,0
2898,Cr30Nb70,0
2899,Cr29Nb71,0
2900,Cr28Nb72,0
2901,Cr27Nb73,0
2902,Cr26Nb74,0
2903,Cr25Nb75,0
2904,Cr24Nb76,0
2905,Cr23Nb77,0
2906,Cr22Nb78,0
2907,Cr21Nb79,0
2908,Cr20Nb80,0
2909,Cr19Nb81,0
2910,Cr18Nb82,0
2911,Cr17Nb83,0
2912,Cr16Nb84,0
2913,Cr15Nb85,0
2914,Cr14Nb86,0
2915,Cr13Nb87,0
2916,Cr12Nb88,0
2917,Cr11Nb89,0
2918,Cr10Nb90,0
2919,Cr9Nb91,0
2920,Cr8Nb92,0
2921,Cr7Nb93,0
2922,Cr6Nb94,0
2923,Cr5Nb95,0
2924,Cr4Nb96,0
2925,Cr3Nb97,0
2926,Cr2Nb98,0
2927,Cr1Nb99,0
2928,Cr0Nb100,0
2929,Cr100Mo0,0
2930,Cr99Mo1,0
2931,Cr98Mo2,0
2932,Cr97Mo3,0
2933,Cr96Mo4,0
2934,Cr95Mo5,0
2935,Cr94Mo6,0
2936,Cr93Mo7,1
2937,Cr92Mo8,1
2938,Cr91Mo9,1
2939,Cr90Mo10,1
2940,Cr89Mo11,1
2941,Cr88Mo12,1
2942,Cr87Mo13,1
2943,Cr86Mo14,1
2944,Cr85Mo15,1
2945,Cr84Mo16,1
2946,Cr83Mo17,1
2947,Cr82Mo18,1
2948,Cr81Mo19,1
2949,Cr80Mo20,1
2950,Cr79Mo21,1
2951,Cr78Mo22,1
2952,Cr77Mo23,1
2953,Cr76Mo24,0
2954,Cr75Mo25,0
2955,Cr74Mo26,0
2956,Cr73Mo27,0
2957,Cr72Mo28,0
2958,Cr71Mo29,0
2959,Cr70Mo30,0
2960,Cr69Mo31,0
2961,Cr68Mo32,0
2962,Cr67Mo33,0
2963,Cr66Mo34,0
2964,Cr65Mo35,0
2965,Cr64Mo36,0
2966,Cr63Mo37,0
2967,Cr62Mo38,0
2968,Cr61Mo39,0
2969,Cr60Mo40,0
2970,Cr59Mo41,0
2971,Cr58Mo42,0
2972,Cr57Mo43,0
2973,Cr56Mo44,0
2974,Cr55Mo45,0
2975,Cr54Mo46,0
2976,Cr53Mo47,0
2977,Cr52Mo48,0
2978,Cr51Mo49,0
2979,Cr50Mo50,0
2980,Cr49Mo51,0
2981,Cr48Mo52,0
2982,Cr47Mo53,0
2983,Cr46Mo54,0
2984,Cr45Mo55,0
2985,Cr44Mo56,0
2986,Cr43Mo57,0
2987,Cr42Mo58,0
2988,Cr41Mo59,0
2989,Cr40Mo60,0
2990,Cr39Mo61,0
2991,Cr38Mo62,0
2992,Cr37Mo63,0
2993,Cr36Mo64,0
2994,Cr35Mo65,0
2995,Cr34Mo66,0
2996,Cr33Mo67,0
2997,Cr32Mo68,0
2998,Cr31Mo69,0
2999,Cr30Mo70,0
3000,Cr29Mo71,0
3001,Cr28Mo72,0
3002,Cr27Mo73,0
3003,Cr26Mo74,0
3004,Cr25Mo75,0
3005,Cr24Mo76,0
3006,Cr23Mo77,0
3007,Cr22Mo78,0
3008,Cr21Mo79,0
3009,Cr20Mo80,0
3010,Cr19Mo81,0
3011,Cr18Mo82,0
3012,Cr17Mo83,0
3013,Cr16Mo84,0
3014,Cr15Mo85,0
3015,Cr14Mo86,0
3016,Cr13Mo87,0
3017,Cr12Mo88,0
3018,Cr11Mo89,0
3019,Cr10Mo90,0
3020,Cr9Mo91,0
3021,Cr8Mo92,0
3022,Cr7Mo93,0
3023,Cr6Mo94,0
3024,Cr5Mo95,0
3025,Cr4Mo96,0
3026,Cr3Mo97,0
3027,Cr2Mo98,0
3028,Cr1Mo99,0
3029,Cr0Mo100,0
3030,Cr100Ta0,0
3031,Cr99Ta1,0
3032,Cr98Ta2,0
3033,Cr97Ta3,0
3034,Cr96Ta4,0
3035,Cr95Ta5,0
3036,Cr94Ta6,0
3037,Cr93Ta7,1
3038,Cr92Ta8,1
3039,Cr91Ta9,1
3040,Cr90Ta10,1
3041,Cr89Ta11,1
3042,Cr88Ta12,1
3043,Cr87Ta13,1
3044,Cr86Ta14,0
3045,Cr85Ta15,0
3046,Cr84Ta16,0
3047,Cr83Ta17,0
3048,Cr82Ta18,0
3049,Cr81Ta19,0
3050,Cr80Ta20,0
3051,Cr79Ta21,0
3052,Cr78Ta22,0
3053,Cr77Ta23,0
3054,Cr76Ta24,0
3055,Cr75Ta25,0
3056,Cr74Ta26,0
3057,Cr73Ta27,0
3058,Cr72Ta28,0
3059,Cr71Ta29,0
3060,Cr70Ta30,0
3061,Cr69Ta31,0
3062,Cr68Ta32,0
3063,Cr67Ta33,0
3064,Cr66Ta34,0
3065,Cr65Ta35,0
3066,Cr64Ta36,0
3067,Cr63Ta37,0
3068,Cr62Ta38,0
3069,Cr61Ta39,0
3070,Cr60Ta40,0
3071,Cr59Ta41,0
3072,Cr58Ta42,0
3073,Cr57Ta43,0
3074,Cr56Ta44,0
3075,Cr55Ta45,0
3076,Cr54Ta46,0
3077,Cr53Ta47,0
3078,Cr52Ta48,0
3079,Cr51Ta49,0
3080,Cr50Ta50,0
3081,Cr49Ta51,0
3082,Cr48Ta52,0
3083,Cr47Ta53,0
3084,Cr46Ta54,0
3085,Cr45Ta55,0
3086,Cr44Ta56,0
3087,Cr43Ta57,0
3088,Cr42Ta58,0
3089,Cr41Ta59,0
3090,Cr40Ta60,0
3091,Cr39Ta61,0
3092,Cr38Ta62,0
3093,Cr37Ta63,0
3094,Cr36Ta64,0
3095,Cr35Ta65,0
3096,Cr34Ta66,0
3097,Cr33Ta67,0
3098,Cr32Ta68,0
3099,Cr31Ta69,0
3100,Cr30Ta70,0
3101,Cr29Ta71,0
3102,Cr28Ta72,0
3103,Cr27Ta73,0
3104,Cr26Ta74,0
3105,Cr25Ta75,0
3106,Cr24Ta76,0
3107,Cr23Ta77,0
3108,Cr22Ta78,0
3109,Cr21Ta79,0
3110,Cr20Ta80,0
3111,Cr19Ta81,0
3112,Cr18Ta82,0
3113,Cr17Ta83,0
3114,Cr16Ta84,0
3115,Cr15Ta85,0
3116,Cr14Ta86,0
3117,Cr13Ta87,0
3118,Cr12Ta88,0
3119,Cr11Ta89,0
3120,Cr10Ta90,0
3121,Cr9Ta91,0
3122,Cr8Ta92,0
3123,Cr7Ta93,0
3124,Cr6Ta94,0
3125,Cr5Ta95,0
3126,Cr4Ta96,0
3127,Cr3Ta97,0
3128,Cr2Ta98,0
3129,Cr1Ta99,0
3130,Cr0Ta100,0
3131,Ca100Cu0,0
3132,Ca99Cu1,0
3133,Ca98Cu2,0
3134,Ca97Cu3,0
3135,Ca96Cu4,0
3136,Ca95Cu5,0
3137,Ca94Cu6,0
3138,Ca93Cu7,0
3139,Ca92Cu8,0
3140,Ca91Cu9,0
3141,Ca90Cu10,0
3142,Ca89Cu11,0
3143,Ca88Cu12,0
3144,Ca87Cu13,1
3145,Ca86Cu14,1
3146,Ca85Cu15,1
3147,Ca84Cu16,1
3148,Ca83Cu17,1
3149,Ca82Cu18,1
3150,Ca81Cu19,1
3151,Ca80Cu20,1
3152,Ca79Cu21,1
3153,Ca78Cu22,1
3154,Ca77Cu23,1
3155,Ca76Cu24,1
3156,Ca75Cu25,1
3157,Ca74Cu26,1
3158,Ca73Cu27,1
3159,Ca72Cu28,1
3160,Ca71Cu29,1
3161,Ca70Cu30,1
3162,Ca69Cu31,1
3163,Ca68Cu32,1
3164,Ca67Cu33,1
3165,Ca66Cu34,1
3166,Ca65Cu35,1
3167,Ca64Cu36,1
3168,Ca63Cu37,1
3169,Ca62Cu38,1
3170,Ca61Cu39,1
3171,Ca60Cu40,1
3172,Ca59Cu41,1
3173,Ca58Cu42,1
3174,Ca57Cu43,1
3175,Ca56Cu44,1
3176,Ca55Cu45,1
3177,Ca54Cu46,1
3178,Ca53Cu47,1
3179,Ca52Cu48,1
3180,Ca51Cu49,1
3181,Ca50Cu50,1
3182,Ca49Cu51,1
3183,Ca48Cu52,1
3184,Ca47Cu53,1
3185,Ca46Cu54,1
3186,Ca45Cu55,1
3187,Ca44Cu56,1
3188,Ca43Cu57,1
3189,Ca42Cu58,1
3190,Ca41Cu59,1
3191,Ca40Cu60,1
3192,Ca39Cu61,1
3193,Ca38Cu62,0
3194,Ca37Cu63,0
3195,Ca36Cu64,0
3196,Ca35Cu65,0
3197,Ca34Cu66,0
3198,Ca33Cu67,0
3199,Ca32Cu68,0
3200,Ca31Cu69,0
3201,Ca30Cu70,0
3202,Ca29Cu71,0
3203,Ca28Cu72,0
3204,Ca27Cu73,0
3205,Ca26Cu74,0
3206,Ca25Cu75,0
3207,Ca24Cu76,0
3208,Ca23Cu77,0
3209,Ca22Cu78,0
3210,Ca21Cu79,0
3211,Ca20Cu80,0
3212,Ca19Cu81,0
3213,Ca18Cu82,0
3214,Ca17Cu83,0
3215,Ca16Cu84,0
3216,Ca15Cu85,0
3217,Ca14Cu86,0
3218,Ca13Cu87,0
3219,Ca12Cu88,0
3220,Ca11Cu89,0
3221,Ca10Cu90,0
3222,Ca9Cu91,0
3223,Ca8Cu92,0
3224,Ca7Cu93,0
3225,Ca6Cu94,0
3226,Ca5Cu95,0
3227,Ca4Cu96,0
3228,Ca3Cu97,0
3229,Ca2Cu98,0
3230,Ca1Cu99,0
3231,Ca0Cu100,0
3232,Ca100Ag0,0
3233,Ca99Ag1,0
3234,Ca98Ag2,0
3235,Ca97Ag3,0
3236,Ca96Ag4,0
3237,Ca95Ag5,0
3238,Ca94Ag6,0
3239,Ca93Ag7,0
3240,Ca92Ag8,0
3241,Ca91Ag9,0
3242,Ca90Ag10,0
3243,Ca89Ag11,0
3244,Ca88Ag12,0
3245,Ca87Ag13,1
3246,Ca86Ag14,1
3247,Ca85Ag15,1
3248,Ca84Ag16,1
3249,Ca83Ag17,1
3250,Ca82Ag18,1
3251,Ca81Ag19,1
3252,Ca80Ag20,1
3253,Ca79Ag21,1
3254,Ca78Ag22,1
3255,Ca77Ag23,1
3256,Ca76Ag24,1
3257,Ca75Ag25,1
3258,Ca74Ag26,1
3259,Ca73Ag27,1
3260,Ca72Ag28,1
3261,Ca71Ag29,1
3262,Ca70Ag30,1
3263,Ca69Ag31,1
3264,Ca68Ag32,1
3265,Ca67Ag33,1
3266,Ca66Ag34,1
3267,Ca65Ag35,1
3268,Ca64Ag36,1
3269,Ca63Ag37,1
3270,Ca62Ag38,1
3271,Ca61Ag39,1
3272,Ca60Ag40,1
3273,Ca59Ag41,1
3274,Ca58Ag42,0
3275,Ca57Ag43,0
3276,Ca56Ag44,0
3277,Ca55Ag45,0
3278,Ca54Ag46,0
3279,Ca53Ag47,0
3280,Ca52Ag48,0
3281,Ca51Ag49,0
3282,Ca50Ag50,0
3283,Ca49Ag51,0
3284,Ca48Ag52,0
3285,Ca47Ag53,0
3286,Ca46Ag54,0
3287,Ca45Ag55,0
3288,Ca44Ag56,0
3289,Ca43Ag57,0
3290,Ca42Ag58,0
3291,Ca41Ag59,0
3292,Ca40Ag60,0
3293,Ca39Ag61,0
3294,Ca38Ag62,0
3295,Ca37Ag63,0
3296,Ca36Ag64,0
3297,Ca35Ag65,0
3298,Ca34Ag66,0
3299,Ca33Ag67,0
3300,Ca32Ag68,0
3301,Ca31Ag69,0
3302,Ca30Ag70,0
3303,Ca29Ag71,0
3304,Ca28Ag72,0
3305,Ca27Ag73,0
3306,Ca26Ag74,0
3307,Ca25Ag75,0
3308,Ca24Ag76,0
3309,Ca23Ag77,0
3310,Ca22Ag78,0
3311,Ca21Ag79,0
3312,Ca20Ag80,0
3313,Ca19Ag81,0
3314,Ca18Ag82,0
3315,Ca17Ag83,0
3316,Ca16Ag84,0
3317,Ca15Ag85,0
3318,Ca14Ag86,0
3319,Ca13Ag87,0
3320,Ca12Ag88,0
3321,Ca11Ag89,0
3322,Ca10Ag90,0
3323,Ca9Ag91,0
3324,Ca8Ag92,0
3325,Ca7Ag93,0
3326,Ca6Ag94,0
3327,Ca5Ag95,0
3328,Ca4Ag96,0
3329,Ca3Ag97,0
3330,Ca2Ag98,0
3331,Ca1Ag99,0
3332,Ca0Ag100,0
3333,Ca100Mg0,0
3334,Ca99Mg1,0
3335,Ca98Mg2,0
3336,Ca97Mg3,0
3337,Ca96Mg4,0
3338,Ca95Mg5,0
3339,Ca94Mg6,0
3340,Ca93Mg7,0
3341,Ca92Mg8,0
3342,Ca91Mg9,0
3343,Ca90Mg10,0
3344,Ca89Mg11,0
3345,Ca88Mg12,0
3346,Ca87Mg13,0
3347,Ca86Mg14,0
3348,Ca85Mg15,0
3349,Ca84Mg16,0
3350,Ca83Mg17,0
3351,Ca82Mg18,0
3352,Ca81Mg19,0
3353,Ca80Mg20,0
3354,Ca79Mg21,0
3355,Ca78Mg22,0
3356,Ca77Mg23,1
3357,Ca76Mg24,1
3358,Ca75Mg25,1
3359,Ca74Mg26,1
3360,Ca73Mg27,1
3361,Ca72Mg28,1
3362,Ca71Mg29,1
3363,Ca70Mg30,1
3364,Ca69Mg31,1
3365,Ca68Mg32,1
3366,Ca67Mg33,1
3367,Ca66Mg34,1
3368,Ca65Mg35,1
3369,Ca64Mg36,1
3370,Ca63Mg37,1
3371,Ca62Mg38,1
3372,Ca61Mg39,1
3373,Ca60Mg40,1
3374,Ca59Mg41,1
3375,Ca58Mg42,0
3376,Ca57Mg43,0
3377,Ca56Mg44,0
3378,Ca55Mg45,0
3379,Ca54Mg46,0
3380,Ca53Mg47,0
3381,Ca52Mg48,0
3382,Ca51Mg49,0
3383,Ca50Mg50,0
3384,Ca49Mg51,0
3385,Ca48Mg52,0
3386,Ca47Mg53,0
3387,Ca46Mg54,0
3388,Ca45Mg55,0
3389,Ca44Mg56,0
3390,Ca43Mg57,0
3391,Ca42Mg58,0
3392,Ca41Mg59,0
3393,Ca40Mg60,0
3394,Ca39Mg61,0
3395,Ca38Mg62,0
3396,Ca37Mg63,0
3397,Ca36Mg64,0
3398,Ca35Mg65,0
3399,Ca34Mg66,0
3400,Ca33Mg67,0
3401,Ca32Mg68,0
3402,Ca31Mg69,0
3403,Ca30Mg70,0
3404,Ca29Mg71,0
3405,Ca28Mg72,0
3406,Ca27Mg73,0
3407,Ca26Mg74,0
3408,Ca25Mg75,0
3409,Ca24Mg76,0
3410,Ca23Mg77,0
3411,Ca22Mg78,0
3412,Ca21Mg79,0
3413,Ca20Mg80,0
3414,Ca19Mg81,0
3415,Ca18Mg82,0
3416,Ca17Mg83,0
3417,Ca16Mg84,0
3418,Ca15Mg85,0
3419,Ca14Mg86,0
3420,Ca13Mg87,0
3421,Ca12Mg88,0
3422,Ca11Mg89,0
3423,Ca10Mg90,0
3424,Ca9Mg91,0
3425,Ca8Mg92,0
3426,Ca7Mg93,0
3427,Ca6Mg94,0
3428,Ca5Mg95,0
3429,Ca4Mg96,0
3430,Ca3Mg97,0
3431,Ca2Mg98,0
3432,Ca1Mg99,0
3433,Ca0Mg100,0
3434,Cu100Hf0,0
3435,Cu99Hf1,0
3436,Cu98Hf2,0
3437,Cu97Hf3,0
3438,Cu96Hf4,0
3439,Cu95Hf5,0
3440,Cu94Hf6,0
3441,Cu93Hf7,0
3442,Cu92Hf8,0
3443,Cu91Hf9,0
3444,Cu90Hf10,0
3445,Cu89Hf11,0
3446,Cu88Hf12,0
3447,Cu87Hf13,0
3448,Cu86Hf14,0
3449,Cu85Hf15,0
3450,Cu84Hf16,0
3451,Cu83Hf17,0
3452,Cu82Hf18,0
3453,Cu81Hf19,0
3454,Cu80Hf20,0
3455,Cu79Hf21,0
3456,Cu78Hf22,0
3457,Cu77Hf23,0
3458,Cu76Hf24,0
3459,Cu75Hf25,0
3460,Cu74Hf26,0
3461,Cu73Hf27,0
3462,Cu72Hf28,0
3463,Cu71Hf29,0
3464,Cu70Hf30,1
3465,Cu69Hf31,1
3466,Cu68Hf32,1
3467,Cu67Hf33,1
3468,Cu66Hf34,1
3469,Cu65Hf35,1
3470,Cu64Hf36,1
3471,Cu63Hf37,1
3472,Cu62Hf38,1
3473,Cu61Hf39,1
3474,Cu60Hf40,1
3475,Cu59Hf41,1
3476,Cu58Hf42,1
3477,Cu57Hf43,1
3478,Cu56Hf44,1
3479,Cu55Hf45,1
3480,Cu54Hf46,1
3481,Cu53Hf47,1
3482,Cu52Hf48,1
3483,Cu51Hf49,1
3484,Cu50Hf50,1
3485,Cu49Hf51,1
3486,Cu48Hf52,1
3487,Cu47Hf53,1
3488,Cu46Hf54,1
3489,Cu45Hf55,1
3490,Cu44Hf56,1
3491,Cu43Hf57,1
3492,Cu42Hf58,1
3493,Cu41Hf59,1
3494,Cu40Hf60,1
3495,Cu39Hf61,1
3496,Cu38Hf62,1
3497,Cu37Hf63,1
3498,Cu36Hf64,1
3499,Cu35Hf65,1
3500,Cu34Hf66,1
3501,Cu33Hf67,1
3502,Cu32Hf68,1
3503,Cu31Hf69,1
3504,Cu30Hf70,1
3505,Cu29Hf71,0
3506,Cu28Hf72,0
3507,Cu27Hf73,0
3508,Cu26Hf74,0
3509,Cu25Hf75,0
3510,Cu24Hf76,0
3511,Cu23Hf77,0
3512,Cu22Hf78,0
3513,Cu21Hf79,0
3514,Cu20Hf80,0
3515,Cu19Hf81,0
3516,Cu18Hf82,0
3517,Cu17Hf83,0
3518,Cu16Hf84,0
3519,Cu15Hf85,0
3520,Cu14Hf86,0
3521,Cu13Hf87,0
3522,Cu12Hf88,0
3523,Cu11Hf89,0
3524,Cu10Hf90,0
3525,Cu9Hf91,0
3526,Cu8Hf92,0
3527,Cu7Hf93,0
3528,Cu6Hf94,0
3529,Cu5Hf95,0
3530,Cu4Hf96,0
3531,Cu3Hf97,0
3532,Cu2Hf98,0
3533,Cu1Hf99,0
3534,Cu0Hf100,0
3535,Cu100Ti0,0
3536,Cu99Ti1,0
3537,Cu98Ti2,0
3538,Cu97Ti3,0
3539,Cu96Ti4,0
3540,Cu95Ti5,0
3541,Cu94Ti6,0
3542,Cu93Ti7,0
3543,Cu92Ti8,0
3544,Cu91Ti9,0
3545,Cu90Ti10,0
3546,Cu89Ti11,0
3547,Cu88Ti12,0
3548,Cu87Ti13,0
3549,Cu86Ti14,0
3550,Cu85Ti15,0
3551,Cu84Ti16,0
3552,Cu83Ti17,0
3553,Cu82Ti18,0
3554,Cu81Ti19,0
3555,Cu80Ti20,0
3556,Cu79Ti21,0
3557,Cu78Ti22,0
3558,Cu77Ti23,0
3559,Cu76Ti24,0
3560,Cu75Ti25,1
3561,Cu74Ti26,1
3562,Cu73Ti27,1
3563,Cu72Ti28,1
3564,Cu71Ti29,1
3565,Cu70Ti30,1
3566,Cu69Ti31,1
3567,Cu68Ti32,1
3568,Cu67Ti33,1
3569,Cu66Ti34,1
3570,Cu65Ti35,1
3571,Cu64Ti36,1
3572,Cu63Ti37,1
3573,Cu62Ti38,1
3574,Cu61Ti39,1
3575,Cu60Ti40,1
3576,Cu59Ti41,1
3577,Cu58Ti42,1
3578,Cu57Ti43,1
3579,Cu56Ti44,1
3580,Cu55Ti45,1
3581,Cu54Ti46,1
3582,Cu53Ti47,1
3583,Cu52Ti48,1
3584,Cu51Ti49,1
3585,Cu50Ti50,1
3586,Cu49Ti51,1
3587,Cu48Ti52,1
3588,Cu47Ti53,1
3589,Cu46Ti54,1
3590,Cu45Ti55,1
3591,Cu44Ti56,1
3592,Cu43Ti57,1
3593,Cu42Ti58,1
3594,Cu41Ti59,1
3595,Cu40Ti60,1
3596,Cu39Ti61,1
3597,Cu38Ti62,1
3598,Cu37Ti63,1
3599,Cu36Ti64,1
3600,Cu35Ti65,1
3601,Cu34Ti66,0
3602,Cu33Ti67,0
3603,Cu32Ti68,0
3604,Cu31Ti69,0
3605,Cu30Ti70,0
3606,Cu29Ti71,0
3607,Cu28Ti72,0
3608,Cu27Ti73,0
3609,Cu26Ti74,0
3610,Cu25Ti75,0
3611,Cu24Ti76,0
3612,Cu23Ti77,0
3613,Cu22Ti78,0
3614,Cu21Ti79,0
3615,Cu20Ti80,0
3616,Cu19Ti81,0
3617,Cu18Ti82,0
3618,Cu17Ti83,0
3619,Cu16Ti84,0
3620,Cu15Ti85,0
3621,Cu14Ti86,0
3622,Cu13Ti87,0
3623,Cu12Ti88,0
3624,Cu11Ti89,0
3625,Cu10Ti90,0
3626,Cu9Ti91,0
3627,Cu8Ti92,0
3628,Cu7Ti93,0
3629,Cu6Ti94,0
3630,Cu5Ti95,0
3631,Cu4Ti96,0
3632,Cu3Ti97,0
3633,Cu2Ti98,0
3634,Cu1Ti99,0
3635,Cu0Ti100,0
3636,Cu100Zr0,0
3637,Cu99Zr1,0
3638,Cu98Zr2,0
3639,Cu97Zr3,0
3640,Cu96Zr4,0
3641,Cu95Zr5,0
3642,Cu94Zr6,0
3643,Cu93Zr7,0
3644,Cu92Zr8,0
3645,Cu91Zr9,0
3646,Cu90Zr10,1
3647,Cu89Zr11,1
3648,Cu88Zr12,1
3649,Cu87Zr13,1
3650,Cu86Zr14,1
3651,Cu85Zr15,1
3652,Cu84Zr16,1
3653,Cu83Zr17,1
3654,Cu82Zr18,1
3655,Cu81Zr19,1
3656,Cu80Zr20,1
3657,Cu79Zr21,1
3658,Cu78Zr22,1
3659,Cu77Zr23,1
3660,Cu76Zr24,1
3661,Cu75Zr25,1
3662,Cu74Zr26,1
3663,Cu73Zr27,1
3664,Cu72Zr28,1
3665,Cu71Zr29,1
3666,Cu70Zr30,1
3667,Cu69Zr31,1
3668,Cu68Zr32,1
3669,Cu67Zr33,1
3670,Cu66Zr34,1
3671,Cu65Zr35,1
3672,Cu64Zr36,1
3673,Cu63Zr37,1
3674,Cu62Zr38,1
3675,Cu61Zr39,1
3676,Cu60Zr40,1
3677,Cu59Zr41,1
3678,Cu58Zr42,1
3679,Cu57Zr43,1
3680,Cu56Zr44,1
3681,Cu55Zr45,1
3682,Cu54Zr46,1
3683,Cu53Zr47,1
3684,Cu52Zr48,1
3685,Cu51Zr49,1
3686,Cu50Zr50,1
3687,Cu49Zr51,1
3688,Cu48Zr52,1
3689,Cu47Zr53,1
3690,Cu46Zr54,1
3691,Cu45Zr55,1
3692,Cu44Zr56,1
3693,Cu43Zr57,1
3694,Cu42Zr58,1
3695,Cu41Zr59,1
3696,Cu40Zr60,1
3697,Cu39Zr61,1
3698,Cu38Zr62,1
3699,Cu37Zr63,1
3700,Cu36Zr64,1
3701,Cu35Zr65,1
3702,Cu34Zr66,1
3703,Cu33Zr67,1
3704,Cu32Zr68,1
3705,Cu31Zr69,1
3706,Cu30Zr70,1
3707,Cu29Zr71,1
3708,Cu28Zr72,1
3709,Cu27Zr73,1
3710,Cu26Zr74,1
3711,Cu25Zr75,1
3712,Cu24Zr76,1
3713,Cu23Zr77,1
3714,Cu22Zr78,1
3715,Cu21Zr79,1
3716,Cu20Zr80,1
3717,Cu19Zr81,0
3718,Cu18Zr82,0
3719,Cu17Zr83,0
3720,Cu16Zr84,0
3721,Cu15Zr85,0
3722,Cu14Zr86,0
3723,Cu13Zr87,0
3724,Cu12Zr88,0
3725,Cu11Zr89,0
3726,Cu10Zr90,0
3727,Cu9Zr91,0
3728,Cu8Zr92,0
3729,Cu7Zr93,0
3730,Cu6Zr94,0
3731,Cu5Zr95,0
3732,Cu4Zr96,0
3733,Cu3Zr97,0
3734,Cu2Zr98,0
3735,Cu1Zr99,0
3736,Cu0Zr100,0
3737,Fe100B0,0
3738,Fe99B1,0
3739,Fe98B2,0
3740,Fe97B3,0
3741,Fe96B4,0
3742,Fe95B5,0
3743,Fe94B6,0
3744,Fe93B7,0
3745,Fe92B8,0
3746,Fe91B9,0
3747,Fe90B10,0
3748,Fe89B11,0
3749,Fe88B12,0
3750,Fe87B13,1
3751,Fe86B14,1
3752,Fe85B15,1
3753,Fe84B16,1
3754,Fe83B17,1
3755,Fe82B18,1
3756,Fe81B19,1
3757,Fe80B20,1
3758,Fe79B21,1
3759,Fe78B22,1
3760,Fe77B23,1
3761,Fe76B24,1
3762,Fe75B25,1
3763,Fe74B26,1
3764,Fe73B27,1
3765,Fe72B28,0
3766,Fe71B29,0
3767,Fe70B30,0
3768,Fe69B31,0
3769,Fe68B32,0
3770,Fe67B33,0
3771,Fe66B34,0
3772,Fe65B35,0
3773,Fe64B36,0
3774,Fe63B37,0
3775,Fe62B38,0
3776,Fe61B39,0
3777,Fe60B40,0
3778,Fe59B41,0
3779,Fe58B42,0
3780,Fe57B43,0
3781,Fe56B44,0
3782,Fe55B45,0
3783,Fe54B46,0
3784,Fe53B47,0
3785,Fe52B48,0
3786,Fe51B49,0
3787,Fe50B50,0
3788,Fe49B51,0
3789,Fe48B52,0
3790,Fe47B53,0
3791,Fe46B54,0
3792,Fe45B55,0
3793,Fe44B56,0
3794,Fe43B57,0
3795,Fe42B58,0
3796,Fe41B59,0
3797,Fe40B60,0
3798,Fe39B61,0
3799,Fe38B62,0
3800,Fe37B63,0
3801,Fe36B64,0
3802,Fe35B65,0
3803,Fe34B66,0
3804,Fe33B67,0
3805,Fe32B68,0
3806,Fe31B69,0
3807,Fe30B70,0
3808,Fe29B71,0
3809,Fe28B72,0
3810,Fe27B73,0
3811,Fe26B74,0
3812,Fe25B75,0
3813,Fe24B76,0
3814,Fe23B77,0
3815,Fe22B78,0
3816,Fe21B79,0
3817,Fe20B80,0
3818,Fe19B81,0
3819,Fe18B82,0
3820,Fe17B83,0
3821,Fe16B84,0
3822,Fe15B85,0
3823,Fe14B86,0
3824,Fe13B87,0
3825,Fe12B88,0
3826,Fe11B89,0
3827,Fe10B90,0
3828,Fe9B91,0
3829,Fe8B92,0
3830,Fe7B93,0
3831,Fe6B94,0
3832,Fe5B95,0
3833,Fe4B96,0
3834,Fe3B97,0
3835,Fe2B98,0
3836,Fe1B99,0
3837,Fe0B100,0
3838,Fe100Hf0,0
3839,Fe99Hf1,0
3840,Fe98Hf2,0
3841,Fe97Hf3,0
3842,Fe96Hf4,0
3843,Fe95Hf5,0
3844,Fe94Hf6,0
3845,Fe93Hf7,0
3846,Fe92Hf8,0
3847,Fe91Hf9,1
3848,Fe90Hf10,1
3849,Fe89Hf11,0
3850,Fe88Hf12,0
3851,Fe87Hf13,0
3852,Fe86Hf14,0
3853,Fe85Hf15,0
3854,Fe84Hf16,0
3855,Fe83Hf17,0
3856,Fe82Hf18,0
3857,Fe81Hf19,0
3858,Fe80Hf20,0
3859,Fe79Hf21,0
3860,Fe78Hf22,0
3861,Fe77Hf23,0
3862,Fe76Hf24,0
3863,Fe75Hf25,0
3864,Fe74Hf26,0
3865,Fe73Hf27,0
3866,Fe72Hf28,0
3867,Fe71Hf29,0
3868,Fe70Hf30,0
3869,Fe69Hf31,0
3870,Fe68Hf32,0
3871,Fe67Hf33,0
3872,Fe66Hf34,0
3873,Fe65Hf35,0
3874,Fe64Hf36,0
3875,Fe63Hf37,0
3876,Fe62Hf38,0
3877,Fe61Hf39,0
3878,Fe60Hf40,0
3879,Fe59Hf41,0
3880,Fe58Hf42,0
3881,Fe57Hf43,0
3882,Fe56Hf44,0
3883,Fe55Hf45,0
3884,Fe54Hf46,0
3885,Fe53Hf47,0
3886,Fe52Hf48,0
3887,Fe51Hf49,0
3888,Fe50Hf50,0
3889,Fe49Hf51,0
3890,Fe48Hf52,0
3891,Fe47Hf53,0
3892,Fe46Hf54,0
3893,Fe45Hf55,0
3894,Fe44Hf56,0
3895,Fe43Hf57,0
3896,Fe42Hf58,0
3897,Fe41Hf59,0
3898,Fe40Hf60,0
3899,Fe39Hf61,0
3900,Fe38Hf62,0
3901,Fe37Hf63,0
3902,Fe36Hf64,0
3903,Fe35Hf65,0
3904,Fe34Hf66,0
3905,Fe33Hf67,0
3906,Fe32Hf68,0
3907,Fe31Hf69,0
3908,Fe30Hf70,0
3909,Fe29Hf71,0
3910,Fe28Hf72,0
3911,Fe27Hf73,0
3912,Fe26Hf74,0
3913,Fe25Hf75,0
3914,Fe24Hf76,0
3915,Fe23Hf77,0
3916,Fe22Hf78,0
3917,Fe21Hf79,0
3918,Fe20Hf80,0
3919,Fe19Hf81,0
3920,Fe18Hf82,0
3921,Fe17Hf83,0
3922,Fe16Hf84,0
3923,Fe15Hf85,0
3924,Fe14Hf86,0
3925,Fe13Hf87,0
3926,Fe12Hf88,0
3927,Fe11Hf89,0
3928,Fe10Hf90,0
3929,Fe9Hf91,0
3930,Fe8Hf92,0
3931,Fe7Hf93,0
3932,Fe6Hf94,0
3933,Fe5Hf95,0
3934,Fe4Hf96,0
3935,Fe3Hf97,0
3936,Fe2Hf98,0
3937,Fe1Hf99,0
3938,Fe0Hf100,0
3939,Fe100Nd0,0
3940,Fe99Nd1,0
3941,Fe98Nd2,0
3942,Fe97Nd3,0
3943,Fe96Nd4,0
3944,Fe95Nd5,0
3945,Fe94Nd6,0
3946,Fe93Nd7,0
3947,Fe92Nd8,0
3948,Fe91Nd9,0
3949,Fe90Nd10,0
3950,Fe89Nd11,1
3951,Fe88Nd12,1
3952,Fe87Nd13,1
3953,Fe86Nd14,1
3954,Fe85Nd15,1
3955,Fe84Nd16,1
3956,Fe83Nd17,1
3957,Fe82Nd18,1
3958,Fe81Nd19,1
3959,Fe80Nd20,1
3960,Fe79Nd21,1
3961,Fe78Nd22,1
3962,Fe77Nd23,1
3963,Fe76Nd24,1
3964,Fe75Nd25,1
3965,Fe74Nd26,1
3966,Fe73Nd27,1
3967,Fe72Nd28,1
3968,Fe71Nd29,1
3969,Fe70Nd30,1
3970,Fe69Nd31,1
3971,Fe68Nd32,1
3972,Fe67Nd33,1
3973,Fe66Nd34,1
3974,Fe65Nd35,1
3975,Fe64Nd36,1
3976,Fe63Nd37,1
3977,Fe62Nd38,1
3978,Fe61Nd39,1
3979,Fe60Nd40,1
3980,Fe59Nd41,1
3981,Fe58Nd42,1
3982,Fe57Nd43,1
3983,Fe56Nd44,1
3984,Fe55Nd45,1
3985,Fe54Nd46,1
3986,Fe53Nd47,1
3987,Fe52Nd48,1
3988,Fe51Nd49,1
3989,Fe50Nd50,1
3990,Fe49Nd51,1
3991,Fe48Nd52,1
3992,Fe47Nd53,1
3993,Fe46Nd54,1
3994,Fe45Nd55,1
3995,Fe44Nd56,1
3996,Fe43Nd57,1
3997,Fe42Nd58,1
3998,Fe41Nd59,1
3999,Fe40Nd60,1
4000,Fe39Nd61,0
4001,Fe38Nd62,0
4002,Fe37Nd63,0
4003,Fe36Nd64,0
4004,Fe35Nd65,0
4005,Fe34Nd66,0
4006,Fe33Nd67,0
4007,Fe32Nd68,0
4008,Fe31Nd69,0
4009,Fe30Nd70,0
4010,Fe29Nd71,0
4011,Fe28Nd72,0
4012,Fe27Nd73,0
4013,Fe26Nd74,0
4014,Fe25Nd75,0
4015,Fe24Nd76,0
4016,Fe23Nd77,0
4017,Fe22Nd78,0
4018,Fe21Nd79,0
4019,Fe20Nd80,0
4020,Fe19Nd81,0
4021,Fe18Nd82,0
4022,Fe17Nd83,0
4023,Fe16Nd84,0
4024,Fe15Nd85,0
4025,Fe14Nd86,0
4026,Fe13Nd87,0
4027,Fe12Nd88,0
4028,Fe11Nd89,0
4029,Fe10Nd90,0
4030,Fe9Nd91,0
4031,Fe8Nd92,0
4032,Fe7Nd93,0
4033,Fe6Nd94,0
4034,Fe5Nd95,0
4035,Fe4Nd96,0
4036,Fe3Nd97,0
4037,Fe2Nd98,0
4038,Fe1Nd99,0
4039,Fe0Nd100,0
4040,Fe100Pr0,0
4041,Fe99Pr1,0
4042,Fe98Pr2,0
4043,Fe97Pr3,0
4044,Fe96Pr4,0
4045,Fe95Pr5,0
4046,Fe94Pr6,0
4047,Fe93Pr7,0
4048,Fe92Pr8,0
4049,Fe91Pr9,0
4050,Fe90Pr10,0
4051,Fe89Pr11,0
4052,Fe88Pr12,0
4053,Fe87Pr13,0
4054,Fe86Pr14,0
4055,Fe85Pr15,0
4056,Fe84Pr16,0
4057,Fe83Pr17,0
4058,Fe82Pr18,0
4059,Fe81Pr19,0
4060,Fe80Pr20,0
4061,Fe79Pr21,0
4062,Fe78Pr22,0
4063,Fe77Pr23,0
4064,Fe76Pr24,0
4065,Fe75Pr25,0
4066,Fe74Pr26,0
4067,Fe73Pr27,0
4068,Fe72Pr28,0
4069,Fe71Pr29,0
4070,Fe70Pr30,0
4071,Fe69Pr31,0
4072,Fe68Pr32,0
4073,Fe67Pr33,0
4074,Fe66Pr34,0
4075,Fe65Pr35,0
4076,Fe64Pr36,0
4077,Fe63Pr37,0
4078,Fe62Pr38,0
4079,Fe61Pr39,0
4080,Fe60Pr40,0
4081,Fe59Pr41,0
4082,Fe58Pr42,0
4083,Fe57Pr43,0
4084,Fe56Pr44,0
4085,Fe55Pr45,1
4086,Fe54Pr46,1
4087,Fe53Pr47,1
4088,Fe52Pr48,1
4089,Fe51Pr49,1
4090,Fe50Pr50,1
4091,Fe49Pr51,1
4092,Fe48Pr52,1
4093,Fe47Pr53,1
4094,Fe46Pr54,1
4095,Fe45Pr55,1
4096,Fe44Pr56,1
4097,Fe43Pr57,1
4098,Fe42Pr58,1
4099,Fe41Pr59,1
4100,Fe40Pr60,1
4101,Fe39Pr61,1
4102,Fe38Pr62,1
4103,Fe37Pr63,1
4104,Fe36Pr64,1
4105,Fe35Pr65,1
4106,Fe34Pr66,1
4107,Fe33Pr67,1
4108,Fe32Pr68,1
4109,Fe31Pr69,1
4110,Fe30Pr70,1
4111,Fe29Pr71,1
4112,Fe28Pr72,1
4113,Fe27Pr73,1
4114,Fe26Pr74,1
4115,Fe25Pr75,1
4116,Fe24Pr76,1
4117,Fe23Pr77,1
4118,Fe22Pr78,1
4119,Fe21Pr79,1
4120,Fe20Pr80,1
4121,Fe19Pr81,1
4122,Fe18Pr82,1
4123,Fe17Pr83,1
4124,Fe16Pr84,1
4125,Fe15Pr85,1
4126,Fe14Pr86,1
4127,Fe13Pr87,1
4128,Fe12Pr88,1
4129,Fe11Pr89,1
4130,Fe10Pr90,1
4131,Fe9Pr91,0
4132,Fe8Pr92,0
4133,Fe7Pr93,0
4134,Fe6Pr94,0
4135,Fe5Pr95,0
4136,Fe4Pr96,0
4137,Fe3Pr97,0
4138,Fe2Pr98,0
4139,Fe1Pr99,0
4140,Fe0Pr100,0
4141,Fe100Y0,0
4142,Fe99Y1,0
4143,Fe98Y2,0
4144,Fe97Y3,0
4145,Fe96Y4,0
4146,Fe95Y5,0
4147,Fe94Y6,0
4148,Fe93Y7,0
4149,Fe92Y8,0
4150,Fe91Y9,0
4151,Fe90Y10,0
4152,Fe89Y11,0
4153,Fe88Y12,0
4154,Fe87Y13,0
4155,Fe86Y14,0
4156,Fe85Y15,0
4157,Fe84Y16,0
4158,Fe83Y17,0
4159,Fe82Y18,0
4160,Fe81Y19,0
4161,Fe80Y20,1
4162,Fe79Y21,1
4163,Fe78Y22,1
4164,Fe77Y23,1
4165,Fe76Y24,1
4166,Fe75Y25,1
4167,Fe74Y26,1
4168,Fe73Y27,1
4169,Fe72Y28,1
4170,Fe71Y29,1
4171,Fe70Y30,1
4172,Fe69Y31,1
4173,Fe68Y32,1
4174,Fe67Y33,1
4175,Fe66Y34,1
4176,Fe65Y35,1
4177,Fe64Y36,1
4178,Fe63Y37,1
4179,Fe62Y38,1
4180,Fe61Y39,1
4181,Fe60Y40,1
4182,Fe59Y41,1
4183,Fe58Y42,1
4184,Fe57Y43,1
4185,Fe56Y44,1
4186,Fe55Y45,1
4187,Fe54Y46,1
4188,Fe53Y47,1
4189,Fe52Y48,1
4190,Fe51Y49,1
4191,Fe50Y50,1
4192,Fe49Y51,1
4193,Fe48Y52,1
4194,Fe47Y53,1
4195,Fe46Y54,1
4196,Fe45Y55,1
4197,Fe44Y56,1
4198,Fe43Y57,1
4199,Fe42Y58,1
4200,Fe41Y59,1
4201,Fe40Y60,1
4202,Fe39Y61,1
4203,Fe38Y62,1
4204,Fe37Y63,0
4205,Fe36Y64,0
4206,Fe35Y65,0
4207,Fe34Y66,0
4208,Fe33Y67,0
4209,Fe32Y68,0
4210,Fe31Y69,0
4211,Fe30Y70,0
4212,Fe29Y71,0
4213,Fe28Y72,0
4214,Fe27Y73,0
4215,Fe26Y74,0
4216,Fe25Y75,0
4217,Fe24Y76,0
4218,Fe23Y77,0
4219,Fe22Y78,0
4220,Fe21Y79,0
4221,Fe20Y80,0
4222,Fe19Y81,0
4223,Fe18Y82,0
4224,Fe17Y83,0
4225,Fe16Y84,0
4226,Fe15Y85,0
4227,Fe14Y86,0
4228,Fe13Y87,0
4229,Fe12Y88,0
4230,Fe11Y89,0
4231,Fe10Y90,0
4232,Fe9Y91,0
4233,Fe8Y92,0
4234,Fe7Y93,0
4235,Fe6Y94,0
4236,Fe5Y95,0
4237,Fe4Y96,0
4238,Fe3Y97,0
4239,Fe2Y98,0
4240,Fe1Y99,0
4241,Fe0Y100,0
4242,Fe100Zr0,0
4243,Fe99Zr1,0
4244,Fe98Zr2,0
4245,Fe97Zr3,0
4246,Fe96Zr4,0
4247,Fe95Zr5,0
4248,Fe94Zr6,0
4249,Fe93Zr7,0
4250,Fe92Zr8,0
4251,Fe91Zr9,1
4252,Fe90Zr10,1
4253,Fe89Zr11,1
4254,Fe88Zr12,1
4255,Fe87Zr13,1
4256,Fe86Zr14,0
4257,Fe85Zr15,0
4258,Fe84Zr16,0
4259,Fe83Zr17,0
4260,Fe82Zr18,0
4261,Fe81Zr19,0
4262,Fe80Zr20,0
4263,Fe79Zr21,0
4264,Fe78Zr22,0
4265,Fe77Zr23,0
4266,Fe76Zr24,0
4267,Fe75Zr25,0
4268,Fe74Zr26,0
4269,Fe73Zr27,0
4270,Fe72Zr28,0
4271,Fe71Zr29,0
4272,Fe70Zr30,0
4273,Fe69Zr31,0
4274,Fe68Zr32,0
4275,Fe67Zr33,0
4276,Fe66Zr34,0
4277,Fe65Zr35,0
4278,Fe64Zr36,0
4279,Fe63Zr37,0
4280,Fe62Zr38,0
4281,Fe61Zr39,0
4282,Fe60Zr40,0
4283,Fe59Zr41,0
4284,Fe58Zr42,0
4285,Fe57Zr43,0
4286,Fe56Zr44,0
4287,Fe55Zr45,0
4288,Fe54Zr46,0
4289,Fe53Zr47,0
4290,Fe52Zr48,0
4291,Fe51Zr49,0
4292,Fe50Zr50,0
4293,Fe49Zr51,0
4294,Fe48Zr52,0
4295,Fe47Zr53,0
4296,Fe46Zr54,0
4297,Fe45Zr55,0
4298,Fe44Zr56,0
4299,Fe43Zr57,0
4300,Fe42Zr58,0
4301,Fe41Zr59,0
4302,Fe40Zr60,0
4303,Fe39Zr61,0
4304,Fe38Zr62,0
4305,Fe37Zr63,0
4306,Fe36Zr64,0
4307,Fe35Zr65,0
4308,Fe34Zr66,0
4309,Fe33Zr67,0
4310,Fe32Zr68,0
4311,Fe31Zr69,0
4312,Fe30Zr70,0
4313,Fe29Zr71,0
4314,Fe28Zr72,0
4315,Fe27Zr73,0
4316,Fe26Zr74,0
4317,Fe25Zr75,0
4318,Fe24Zr76,0
4319,Fe23Zr77,0
4320,Fe22Zr78,0
4321,Fe21Zr79,0
4322,Fe20Zr80,0
4323,Fe19Zr81,0
4324,Fe18Zr82,0
4325,Fe17Zr83,0
4326,Fe16Zr84,0
4327,Fe15Zr85,0
4328,Fe14Zr86,0
4329,Fe13Zr87,0
4330,Fe12Zr88,0
4331,Fe11Zr89,0
4332,Fe10Zr90,0
4333,Fe9Zr91,0
4334,Fe8Zr92,0
4335,Fe7Zr93,0
4336,Fe6Zr94,0
4337,Fe5Zr95,0
4338,Fe4Zr96,0
4339,Fe3Zr97,0
4340,Fe2Zr98,0
4341,Fe1Zr99,0
4342,Fe0Zr100,0
4343,Fe100Zr0,0
4344,Fe99Zr1,0
4345,Fe98Zr2,0
4346,Fe97Zr3,0
4347,Fe96Zr4,0
4348,Fe95Zr5,0
4349,Fe94Zr6,0
4350,Fe93Zr7,0
4351,Fe92Zr8,0
4352,Fe91Zr9,0
4353,Fe90Zr10,0
4354,Fe89Zr11,0
4355,Fe88Zr12,0
4356,Fe87Zr13,0
4357,Fe86Zr14,0
4358,Fe85Zr15,0
4359,Fe84Zr16,0
4360,Fe83Zr17,0
4361,Fe82Zr18,0
4362,Fe81Zr19,0
4363,Fe80Zr20,0
4364,Fe79Zr21,0
4365,Fe78Zr22,0
4366,Fe77Zr23,0
4367,Fe76Zr24,0
4368,Fe75Zr25,0
4369,Fe74Zr26,0
4370,Fe73Zr27,0
4371,Fe72Zr28,0
4372,Fe71Zr29,0
4373,Fe70Zr30,0
4374,Fe69Zr31,0
4375,Fe68Zr32,0
4376,Fe67Zr33,0
4377,Fe66Zr34,0
4378,Fe65Zr35,0
4379,Fe64Zr36,0
4380,Fe63Zr37,0
4381,Fe62Zr38,0
4382,Fe61Zr39,0
4383,Fe60Zr40,0
4384,Fe59Zr41,0
4385,Fe58Zr42,0
4386,Fe57Zr43,0
4387,Fe56Zr44,0
4388,Fe55Zr45,0
4389,Fe54Zr46,0
4390,Fe53Zr47,0
4391,Fe52Zr48,0
4392,Fe51Zr49,0
4393,Fe50Zr50,0
4394,Fe49Zr51,0
4395,Fe48Zr52,0
4396,Fe47Zr53,0
4397,Fe46Zr54,0
4398,Fe45Zr55,0
4399,Fe44Zr56,1
4400,Fe43Zr57,1
4401,Fe42Zr58,1
4402,Fe41Zr59,1
4403,Fe40Zr60,1
4404,Fe39Zr61,1
4405,Fe38Zr62,1
4406,Fe37Zr63,1
4407,Fe36Zr64,1
4408,Fe35Zr65,1
4409,Fe34Zr66,1
4410,Fe33Zr67,1
4411,Fe32Zr68,1
4412,Fe31Zr69,1
4413,Fe30Zr70,1
4414,Fe29Zr71,1
4415,Fe28Zr72,1
4416,Fe27Zr73,1
4417,Fe26Zr74,1
4418,Fe25Zr75,1
4419,Fe24Zr76,1
4420,Fe23Zr77,1
4421,Fe22Zr78,1
4422,Fe21Zr79,1
4423,Fe20Zr80,1
4424,Fe19Zr81,1
4425,Fe18Zr82,1
4426,Fe17Zr83,0
4427,Fe16Zr84,0
4428,Fe15Zr85,0
4429,Fe14Zr86,0
4430,Fe13Zr87,0
4431,Fe12Zr88,0
4432,Fe11Zr89,0
4433,Fe10Zr90,0
4434,Fe9Zr91,0
4435,Fe8Zr92,0
4436,Fe7Zr93,0
4437,Fe6Zr94,0
4438,Fe5Zr95,0
4439,Fe4Zr96,0
4440,Fe3Zr97,0
4441,Fe2Zr98,0
4442,Fe1Zr99,0
4443,Fe0Zr100,0
4444,Ge100Te0,0
4445,Ge99Te1,0
4446,Ge98Te2,0
4447,Ge97Te3,0
4448,Ge96Te4,0
4449,Ge95Te5,0
4450,Ge94Te6,0
4451,Ge93Te7,0
4452,Ge92Te8,0
4453,Ge91Te9,0
4454,Ge90Te10,0
4455,Ge89Te11,0
4456,Ge88Te12,0
4457,Ge87Te13,0
4458,Ge86Te14,0
4459,Ge85Te15,0
4460,Ge84Te16,0
4461,Ge83Te17,0
4462,Ge82Te18,0
4463,Ge81Te19,0
4464,Ge80Te20,0
4465,Ge79Te21,0
4466,Ge78Te22,0
4467,Ge77Te23,0
4468,Ge76Te24,0
4469,Ge75Te25,0
4470,Ge74Te26,0
4471,Ge73Te27,0
4472,Ge72Te28,0
4473,Ge71Te29,0
4474,Ge70Te30,0
4475,Ge69Te31,0
4476,Ge68Te32,0
4477,Ge67Te33,0
4478,Ge66Te34,0
4479,Ge65Te35,0
4480,Ge64Te36,0
4481,Ge63Te37,0
4482,Ge62Te38,0
4483,Ge61Te39,0
4484,Ge60Te40,0
4485,Ge59Te41,0
4486,Ge58Te42,0
4487,Ge57Te43,0
4488,Ge56Te44,0
4489,Ge55Te45,0
4490,Ge54Te46,0
4491,Ge53Te47,0
4492,Ge52Te48,0
4493,Ge51Te49,0
4494,Ge50Te50,0
4495,Ge49Te51,0
4496,Ge48Te52,0
4497,Ge47Te53,0
4498,Ge46Te54,0
4499,Ge45Te55,0
4500,Ge44Te56,0
4501,Ge43Te57,0
4502,Ge42Te58,0
4503,Ge41Te59,0
4504,Ge40Te60,0
4505,Ge39Te61,0
4506,Ge38Te62,0
4507,Ge37Te63,0
4508,Ge36Te64,0
4509,Ge35Te65,0
4510,Ge34Te66,0
4511,Ge33Te67,0
4512,Ge32Te68,0
4513,Ge31Te69,0
4514,Ge30Te70,0
4515,Ge29Te71,0
4516,Ge28Te72,0
4517,Ge27Te73,0
4518,Ge26Te74,0
4519,Ge25Te75,1
4520,Ge24Te76,1
4521,Ge23Te77,1
4522,Ge22Te78,1
4523,Ge21Te79,1
4524,Ge20Te80,1
4525,Ge19Te81,1
4526,Ge18Te82,1
4527,Ge17Te83,1
4528,Ge16Te84,1
4529,Ge15Te85,1
4530,Ge14Te86,1
4531,Ge13Te87,1
4532,Ge12Te88,1
4533,Ge11Te89,1
4534,Ge10Te90,1
4535,Ge9Te91,0
4536,Ge8Te92,0
4537,Ge7Te93,0
4538,Ge6Te94,0
4539,Ge5Te95,0
4540,Ge4Te96,0
4541,Ge3Te97,0
4542,Ge2Te98,0
4543,Ge1Te99,0
4544,Ge0Te100,0
4545,Ge100Zr0,0
4546,Ge99Zr1,0
4547,Ge98Zr2,0
4548,Ge97Zr3,0
4549,Ge96Zr4,0
4550,Ge95Zr5,0
4551,Ge94Zr6,0
4552,Ge93Zr7,0
4553,Ge92Zr8,0
4554,Ge91Zr9,0
4555,Ge90Zr10,0
4556,Ge89Zr11,0
4557,Ge88Zr12,0
4558,Ge87Zr13,0
4559,Ge86Zr14,0
4560,Ge85Zr15,0
4561,Ge84Zr16,0
4562,Ge83Zr17,0
4563,Ge82Zr18,0
4564,Ge81Zr19,0
4565,Ge80Zr20,0
4566,Ge79Zr21,0
4567,Ge78Zr22,0
4568,Ge77Zr23,0
4569,Ge76Zr24,0
4570,Ge75Zr25,0
4571,Ge74Zr26,0
4572,Ge73Zr27,0
4573,Ge72Zr28,0
4574,Ge71Zr29,0
4575,Ge70Zr30,0
4576,Ge69Zr31,0
4577,Ge68Zr32,0
4578,Ge67Zr33,0
4579,Ge66Zr34,0
4580,Ge65Zr35,0
4581,Ge64Zr36,0
4582,Ge63Zr37,0
4583,Ge62Zr38,0
4584,Ge61Zr39,0
4585,Ge60Zr40,0
4586,Ge59Zr41,0
4587,Ge58Zr42,0
4588,Ge57Zr43,0
4589,Ge56Zr44,0
4590,Ge55Zr45,0
4591,Ge54Zr46,0
4592,Ge53Zr47,0
4593,Ge52Zr48,0
4594,Ge51Zr49,0
4595,Ge50Zr50,0
4596,Ge49Zr51,0
4597,Ge48Zr52,0
4598,Ge47Zr53,0
4599,Ge46Zr54,0
4600,Ge45Zr55,0
4601,Ge44Zr56,0
4602,Ge43Zr57,0
4603,Ge42Zr58,0
4604,Ge41Zr59,0
4605,Ge40Zr60,0
4606,Ge39Zr61,0
4607,Ge38Zr62,0
4608,Ge37Zr63,0
4609,Ge36Zr64,0
4610,Ge35Zr65,0
4611,Ge34Zr66,0
4612,Ge33Zr67,0
4613,Ge32Zr68,0
4614,Ge31Zr69,0
4615,Ge30Zr70,0
4616,Ge29Zr71,0
4617,Ge28Zr72,0
4618,Ge27Zr73,0
4619,Ge26Zr74,0
4620,Ge25Zr75,0
4621,Ge24Zr76,0
4622,Ge23Zr77,0
4623,Ge22Zr78,0
4624,Ge21Zr79,0
4625,Ge20Zr80,0
4626,Ge19Zr81,1
4627,Ge18Zr82,1
4628,Ge17Zr83,1
4629,Ge16Zr84,1
4630,Ge15Zr85,1
4631,Ge14Zr86,1
4632,Ge13Zr87,1
4633,Ge12Zr88,1
4634,Ge11Zr89,0
4635,Ge10Zr90,0
4636,Ge9Zr91,0
4637,Ge8Zr92,0
4638,Ge7Zr93,0
4639,Ge6Zr94,0
4640,Ge5Zr95,0
4641,Ge4Zr96,0
4642,Ge3Zr97,0
4643,Ge2Zr98,0
4644,Ge1Zr99,0
4645,Ge0Zr100,0
4646,Hf100Ni0,0
4647,Hf99Ni1,0
4648,Hf98Ni2,0
4649,Hf97Ni3,0
4650,Hf96Ni4,0
4651,Hf95Ni5,0
4652,Hf94Ni6,0
4653,Hf93Ni7,0
4654,Hf92Ni8,0
4655,Hf91Ni9,0
4656,Hf90Ni10,0
4657,Hf89Ni11,0
4658,Hf88Ni12,0
4659,Hf87Ni13,0
4660,Hf86Ni14,0
4661,Hf85Ni15,0
4662,Hf84Ni16,0
4663,Hf83Ni17,0
4664,Hf82Ni18,0
4665,Hf81Ni19,0
4666,Hf80Ni20,0
4667,Hf79Ni21,0
4668,Hf78Ni22,0
4669,Hf77Ni23,0
4670,Hf76Ni24,0
4671,Hf75Ni25,0
4672,Hf74Ni26,0
4673,Hf73Ni27,0
4674,Hf72Ni28,0
4675,Hf71Ni29,0
4676,Hf70Ni30,1
4677,Hf69Ni31,1
4678,Hf68Ni32,1
4679,Hf67Ni33,1
4680,Hf66Ni34,1
4681,Hf65Ni35,1
4682,Hf64Ni36,1
4683,Hf63Ni37,1
4684,Hf62Ni38,1
4685,Hf61Ni39,1
4686,Hf60Ni40,1
4687,Hf59Ni41,1
4688,Hf58Ni42,1
4689,Hf57Ni43,1
4690,Hf56Ni44,1
4691,Hf55Ni45,1
4692,Hf54Ni46,1
4693,Hf53Ni47,1
4694,Hf52Ni48,1
4695,Hf51Ni49,1
4696,Hf50Ni50,1
4697,Hf49Ni51,1
4698,Hf48Ni52,1
4699,Hf47Ni53,1
4700,Hf46Ni54,1
4701,Hf45Ni55,1
4702,Hf44Ni56,1
4703,Hf43Ni57,1
4704,Hf42Ni58,1
4705,Hf41Ni59,1
4706,Hf40Ni60,1
4707,Hf39Ni61,1
4708,Hf38Ni62,1
4709,Hf37Ni63,1
4710,Hf36Ni64,1
4711,Hf35Ni65,1
4712,Hf34Ni66,1
4713,Hf33Ni67,1
4714,Hf32Ni68,1
4715,Hf31Ni69,1
4716,Hf30Ni70,1
4717,Hf29Ni71,0
4718,Hf28Ni72,0
4719,Hf27Ni73,0
4720,Hf26Ni74,0
4721,Hf25Ni75,0
4722,Hf24Ni76,0
4723,Hf23Ni77,0
4724,Hf22Ni78,0
4725,Hf21Ni79,0
4726,Hf20Ni80,0
4727,Hf19Ni81,0
4728,Hf18Ni82,0
4729,Hf17Ni83,0
4730,Hf16Ni84,0
4731,Hf15Ni85,0
4732,Hf14Ni86,0
4733,Hf13Ni87,0
4734,Hf12Ni88,0
4735,Hf11Ni89,0
4736,Hf10Ni90,0
4737,Hf9Ni91,0
4738,Hf8Ni92,0
4739,Hf7Ni93,0
4740,Hf6Ni94,0
4741,Hf5Ni95,0
4742,Hf4Ni96,0
4743,Hf3Ni97,0
4744,Hf2Ni98,0
4745,Hf1Ni99,0
4746,Hf0Ni100,0
4747,La100Ni0,0
4748,La99Ni1,0
4749,La98Ni2,0
4750,La97Ni3,0
4751,La96Ni4,0
4752,La95Ni5,0
4753,La94Ni6,0
4754,La93Ni7,0
4755,La92Ni8,0
4756,La91Ni9,0
4757,La90Ni10,0
4758,La89Ni11,0
4759,La88Ni12,0
4760,La87Ni13,0
4761,La86Ni14,0
4762,La85Ni15,0
4763,La84Ni16,0
4764,La83Ni17,0
4765,La82Ni18,0
4766,La81Ni19,0
4767,La80Ni20,0
4768,La79Ni21,0
4769,La78Ni22,0
4770,La77Ni23,0
4771,La76Ni24,0
4772,La75Ni25,0
4773,La74Ni26,0
4774,La73Ni27,0
4775,La72Ni28,0
4776,La71Ni29,0
4777,La70Ni30,1
4778,La69Ni31,1
4779,La68Ni32,1
4780,La67Ni33,1
4781,La66Ni34,1
4782,La65Ni35,1
4783,La64Ni36,1
4784,La63Ni37,1
4785,La62Ni38,1
4786,La61Ni39,1
4787,La60Ni40,1
4788,La59Ni41,0
4789,La58Ni42,0
4790,La57Ni43,0
4791,La56Ni44,0
4792,La55Ni45,0
4793,La54Ni46,0
4794,La53Ni47,0
4795,La52Ni48,0
4796,La51Ni49,0
4797,La50Ni50,0
4798,La49Ni51,0
4799,La48Ni52,0
4800,La47Ni53,0
4801,La46Ni54,0
4802,La45Ni55,0
4803,La44Ni56,0
4804,La43Ni57,0
4805,La42Ni58,0
4806,La41Ni59,0
4807,La40Ni60,0
4808,La39Ni61,0
4809,La38Ni62,0
4810,La37Ni63,0
4811,La36Ni64,0
4812,La35Ni65,0
4813,La34Ni66,0
4814,La33Ni67,0
4815,La32Ni68,0
4816,La31Ni69,0
4817,La30Ni70,0
4818,La29Ni71,0
4819,La28Ni72,0
4820,La27Ni73,0
4821,La26Ni74,0
4822,La25Ni75,0
4823,La24Ni76,0
4824,La23Ni77,0
4825,La22Ni78,0
4826,La21Ni79,0
4827,La20Ni80,0
4828,La19Ni81,0
4829,La18Ni82,0
4830,La17Ni83,0
4831,La16Ni84,0
4832,La15Ni85,0
4833,La14Ni86,0
4834,La13Ni87,0
4835,La12Ni88,0
4836,La11Ni89,0
4837,La10Ni90,0
4838,La9Ni91,0
4839,La8Ni92,0
4840,La7Ni93,0
4841,La6Ni94,0
4842,La5Ni95,0
4843,La4Ni96,0
4844,La3Ni97,0
4845,La2Ni98,0
4846,La1Ni99,0
4847,La0Ni100,0
4848,La100Au0,0
4849,La99Au1,0
4850,La98Au2,0
4851,La97Au3,0
4852,La96Au4,0
4853,La95Au5,0
4854,La94Au6,0
4855,La93Au7,0
4856,La92Au8,0
4857,La91Au9,0
4858,La90Au10,0
4859,La89Au11,0
4860,La88Au12,0
4861,La87Au13,0
4862,La86Au14,0
4863,La85Au15,0
4864,La84Au16,0
4865,La83Au17,0
4866,La82Au18,1
4867,La81Au19,1
4868,La80Au20,1
4869,La79Au21,1
4870,La78Au22,1
4871,La77Au23,1
4872,La76Au24,1
4873,La75Au25,1
4874,La74Au26,1
4875,La73Au27,0
4876,La72Au28,0
4877,La71Au29,0
4878,La70Au30,0
4879,La69Au31,0
4880,La68Au32,0
4881,La67Au33,0
4882,La66Au34,0
4883,La65Au35,0
4884,La64Au36,0
4885,La63Au37,0
4886,La62Au38,0
4887,La61Au39,0
4888,La60Au40,0
4889,La59Au41,0
4890,La58Au42,0
4891,La57Au43,0
4892,La56Au44,0
4893,La55Au45,0
4894,La54Au46,0
4895,La53Au47,0
4896,La52Au48,0
4897,La51Au49,0
4898,La50Au50,0
4899,La49Au51,0
4900,La48Au52,0
4901,La47Au53,0
4902,La46Au54,0
4903,La45Au55,0
4904,La44Au56,0
4905,La43Au57,0
4906,La42Au58,0
4907,La41Au59,0
4908,La40Au60,0
4909,La39Au61,0
4910,La38Au62,0
4911,La37Au63,0
4912,La36Au64,0
4913,La35Au65,0
4914,La34Au66,0
4915,La33Au67,0
4916,La32Au68,0
4917,La31Au69,0
4918,La30Au70,0
4919,La29Au71,0
4920,La28Au72,0
4921,La27Au73,0
4922,La26Au74,0
4923,La25Au75,0
4924,La24Au76,0
4925,La23Au77,0
4926,La22Au78,0
4927,La21Au79,0
4928,La20Au80,0
4929,La19Au81,0
4930,La18Au82,0
4931,La17Au83,0
4932,La16Au84,0
4933,La15Au85,0
4934,La14Au86,0
4935,La13Au87,0
4936,La12Au88,0
4937,La11Au89,0
4938,La10Au90,0
4939,La9Au91,0
4940,La8Au92,0
4941,La7Au93,0
4942,La6Au94,0
4943,La5Au95,0
4944,La4Au96,0
4945,La3Au97,0
4946,La2Au98,0
4947,La1Au99,0
4948,La0Au100,0
4949,Mg100Y0,0
4950,Mg99Y1,0
4951,Mg98Y2,0
4952,Mg97Y3,0
4953,Mg96Y4,0
4954,Mg95Y5,0
4955,Mg94Y6,0
4956,Mg93Y7,0
4957,Mg92Y8,0
4958,Mg91Y9,0
4959,Mg90Y10,0
4960,Mg89Y11,0
4961,Mg88Y12,0
4962,Mg87Y13,0
4963,Mg86Y14,0
4964,Mg85Y15,1
4965,Mg84Y16,1
4966,Mg83Y17,0
4967,Mg82Y18,0
4968,Mg81Y19,0
4969,Mg80Y20,0
4970,Mg79Y21,0
4971,Mg78Y22,0
4972,Mg77Y23,0
4973,Mg76Y24,0
4974,Mg75Y25,0
4975,Mg74Y26,0
4976,Mg73Y27,0
4977,Mg72Y28,0
4978,Mg71Y29,0
4979,Mg70Y30,0
4980,Mg69Y31,0
4981,Mg68Y32,0
4982,Mg67Y33,0
4983,Mg66Y34,0
4984,Mg65Y35,0
4985,Mg64Y36,0
4986,Mg63Y37,0
4987,Mg62Y38,0
4988,Mg61Y39,0
4989,Mg60Y40,0
4990,Mg59Y41,0
4991,Mg58Y42,0
4992,Mg57Y43,0
4993,Mg56Y44,0
4994,Mg55Y45,0
4995,Mg54Y46,0
4996,Mg53Y47,0
4997,Mg52Y48,0
4998,Mg51Y49,0
4999,Mg50Y50,0
5000,Mg49Y51,0
5001,Mg48Y52,0
5002,Mg47Y53,0
5003,Mg46Y54,0
5004,Mg45Y55,0
5005,Mg44Y56,0
5006,Mg43Y57,0
5007,Mg42Y58,0
5008,Mg41Y59,0
5009,Mg40Y60,0
5010,Mg39Y61,0
5011,Mg38Y62,0
5012,Mg37Y63,0
5013,Mg36Y64,0
5014,Mg35Y65,0
5015,Mg34Y66,0
5016,Mg33Y67,0
5017,Mg32Y68,0
5018,Mg31Y69,0
5019,Mg30Y70,0
5020,Mg29Y71,0
5021,Mg28Y72,0
5022,Mg27Y73,0
5023,Mg26Y74,0
5024,Mg25Y75,0
5025,Mg24Y76,0
5026,Mg23Y77,0
5027,Mg22Y78,0
5028,Mg21Y79,0
5029,Mg20Y80,0
5030,Mg19Y81,0
5031,Mg18Y82,0
5032,Mg17Y83,0
5033,Mg16Y84,0
5034,Mg15Y85,0
5035,Mg14Y86,0
5036,Mg13Y87,0
5037,Mg12Y88,0
5038,Mg11Y89,0
5039,Mg10Y90,0
5040,Mg9Y91,0
5041,Mg8Y92,0
5042,Mg7Y93,0
5043,Mg6Y94,0
5044,Mg5Y95,0
5045,Mg4Y96,0
5046,Mg3Y97,0
5047,Mg2Y98,0
5048,Mg1Y99,0
5049,Mg0Y100,0
5050,Mg100Zn0,0
5051,Mg99Zn1,0
5052,Mg98Zn2,0
5053,Mg97Zn3,0
5054,Mg96Zn4,0
5055,Mg95Zn5,0
5056,Mg94Zn6,0
5057,Mg93Zn7,0
5058,Mg92Zn8,0
5059,Mg91Zn9,0
5060,Mg90Zn10,0
5061,Mg89Zn11,0
5062,Mg88Zn12,0
5063,Mg87Zn13,0
5064,Mg86Zn14,0
5065,Mg85Zn15,0
5066,Mg84Zn16,0
5067,Mg83Zn17,0
5068,Mg82Zn18,0
5069,Mg81Zn19,0
5070,Mg80Zn20,0
5071,Mg79Zn21,0
5072,Mg78Zn22,0
5073,Mg77Zn23,0
5074,Mg76Zn24,1
5075,Mg75Zn25,1
5076,Mg74Zn26,1
5077,Mg73Zn27,1
5078,Mg72Zn28,1
5079,Mg71Zn29,1
5080,Mg70Zn30,1
5081,Mg69Zn31,1
5082,Mg68Zn32,1
5083,Mg67Zn33,1
5084,Mg66Zn34,1
5085,Mg65Zn35,1
5086,Mg64Zn36,0
5087,Mg63Zn37,0
5088,Mg62Zn38,0
5089,Mg61Zn39,0
5090,Mg60Zn40,0
5091,Mg59Zn41,0
5092,Mg58Zn42,0
5093,Mg57Zn43,0
5094,Mg56Zn44,0
5095,Mg55Zn45,0
5096,Mg54Zn46,0
5097,Mg53Zn47,0
5098,Mg52Zn48,0
5099,Mg51Zn49,0
5100,Mg50Zn50,0
5101,Mg49Zn51,0
5102,Mg48Zn52,0
5103,Mg47Zn53,0
5104,Mg46Zn54,0
5105,Mg45Zn55,0
5106,Mg44Zn56,0
5107,Mg43Zn57,0
5108,Mg42Zn58,0
5109,Mg41Zn59,0
5110,Mg40Zn60,0
5111,Mg39Zn61,0
5112,Mg38Zn62,0
5113,Mg37Zn63,0
5114,Mg36Zn64,0
5115,Mg35Zn65,0
5116,Mg34Zn66,0
5117,Mg33Zn67,0
5118,Mg32Zn68,0
5119,Mg31Zn69,0
5120,Mg30Zn70,0
5121,Mg29Zn71,0
5122,Mg28Zn72,0
5123,Mg27Zn73,0
5124,Mg26Zn74,0
5125,Mg25Zn75,0
5126,Mg24Zn76,0
5127,Mg23Zn77,0
5128,Mg22Zn78,0
5129,Mg21Zn79,0
5130,Mg20Zn80,0
5131,Mg19Zn81,0
5132,Mg18Zn82,0
5133,Mg17Zn83,0
5134,Mg16Zn84,0
5135,Mg15Zn85,0
5136,Mg14Zn86,0
5137,Mg13Zn87,0
5138,Mg12Zn88,0
5139,Mg11Zn89,0
5140,Mg10Zn90,0
5141,Mg9Zn91,0
5142,Mg8Zn92,0
5143,Mg7Zn93,0
5144,Mg6Zn94,0
5145,Mg5Zn95,0
5146,Mg4Zn96,0
5147,Mg3Zn97,0
5148,Mg2Zn98,0
5149,Mg1Zn99,0
5150,Mg0Zn100,0
5151,Nb100Ni0,0
5152,Nb99Ni1,0
5153,Nb98Ni2,0
5154,Nb97Ni3,0
5155,Nb96Ni4,0
5156,Nb95Ni5,0
5157,Nb94Ni6,0
5158,Nb93Ni7,0
5159,Nb92Ni8,0
5160,Nb91Ni9,0
5161,Nb90Ni10,0
5162,Nb89Ni11,0
5163,Nb88Ni12,0
5164,Nb87Ni13,0
5165,Nb86Ni14,0
5166,Nb85Ni15,0
5167,Nb84Ni16,0
5168,Nb83Ni17,0
5169,Nb82Ni18,0
5170,Nb81Ni19,0
5171,Nb80Ni20,0
5172,Nb79Ni21,0
5173,Nb78Ni22,0
5174,Nb77Ni23,0
5175,Nb76Ni24,0
5176,Nb75Ni25,0
5177,Nb74Ni26,0
5178,Nb73Ni27,0
5179,Nb72Ni28,0
5180,Nb71Ni29,0
5181,Nb70Ni30,0
5182,Nb69Ni31,0
5183,Nb68Ni32,0
5184,Nb67Ni33,0
5185,Nb66Ni34,0
5186,Nb65Ni35,0
5187,Nb64Ni36,0
5188,Nb63Ni37,0
5189,Nb62Ni38,0
5190,Nb61Ni39,0
5191,Nb60Ni40,1
5192,Nb59Ni41,1
5193,Nb58Ni42,1
5194,Nb57Ni43,1
5195,Nb56Ni44,1
5196,Nb55Ni45,1
5197,Nb54Ni46,1
5198,Nb53Ni47,1
5199,Nb52Ni48,1
5200,Nb51Ni49,1
5201,Nb50Ni50,1
5202,Nb49Ni51,1
5203,Nb48Ni52,1
5204,Nb47Ni53,1
5205,Nb46Ni54,1
5206,Nb45Ni55,1
5207,Nb44Ni56,1
5208,Nb43Ni57,1
5209,Nb42Ni58,1
5210,Nb41Ni59,1
5211,Nb40Ni60,1
5212,Nb39Ni61,1
5213,Nb38Ni62,1
5214,Nb37Ni63,1
5215,Nb36Ni64,0
5216,Nb35Ni65,0
5217,Nb34Ni66,0
5218,Nb33Ni67,0
5219,Nb32Ni68,0
5220,Nb31Ni69,0
5221,Nb30Ni70,0
5222,Nb29Ni71,0
5223,Nb28Ni72,0
5224,Nb27Ni73,0
5225,Nb26Ni74,0
5226,Nb25Ni75,0
5227,Nb24Ni76,0
5228,Nb23Ni77,0
5229,Nb22Ni78,0
5230,Nb21Ni79,0
5231,Nb20Ni80,0
5232,Nb19Ni81,0
5233,Nb18Ni82,0
5234,Nb17Ni83,0
5235,Nb16Ni84,0
5236,Nb15Ni85,0
5237,Nb14Ni86,0
5238,Nb13Ni87,0
5239,Nb12Ni88,0
5240,Nb11Ni89,0
5241,Nb10Ni90,0
5242,Nb9Ni91,0
5243,Nb8Ni92,0
5244,Nb7Ni93,0
5245,Nb6Ni94,0
5246,Nb5Ni95,0
5247,Nb4Ni96,0
5248,Nb3Ni97,0
5249,Nb2Ni98,0
5250,Nb1Ni99,0
5251,Nb0Ni100,0
5252,Ni100B0,0
5253,Ni99B1,0
5254,Ni98B2,0
5255,Ni97B3,0
5256,Ni96B4,0
5257,Ni95B5,0
5258,Ni94B6,0
5259,Ni93B7,0
5260,Ni92B8,0
5261,Ni91B9,0
5262,Ni90B10,0
5263,Ni89B11,0
5264,Ni88B12,0
5265,Ni87B13,0
5266,Ni86B14,0
5267,Ni85B15,0
5268,Ni84B16,0
5269,Ni83B17,0
5270,Ni82B18,0
5271,Ni81B19,0
5272,Ni80B20,0
5273,Ni79B21,0
5274,Ni78B22,0
5275,Ni77B23,0
5276,Ni76B24,0
5277,Ni75B25,0
5278,Ni74B26,0
5279,Ni73B27,0
5280,Ni72B28,1
5281,Ni71B29,1
5282,Ni70B30,1
5283,Ni69B31,1
5284,Ni68B32,1
5285,Ni67B33,1
5286,Ni66B34,1
5287,Ni65B35,1
5288,Ni64B36,1
5289,Ni63B37,1
5290,Ni62B38,1
5291,Ni61B39,1
5292,Ni60B40,1
5293,Ni59B41,1
5294,Ni58B42,0
5295,Ni57B43,0
5296,Ni56B44,0
5297,Ni55B45,0
5298,Ni54B46,0
5299,Ni53B47,0
5300,Ni52B48,0
5301,Ni51B49,0
5302,Ni50B50,0
5303,Ni49B51,0
5304,Ni48B52,0
5305,Ni47B53,0
5306,Ni46B54,0
5307,Ni45B55,0
5308,Ni44B56,0
5309,Ni43B57,0
5310,Ni42B58,0
5311,Ni41B59,0
5312,Ni40B60,0
5313,Ni39B61,0
5314,Ni38B62,0
5315,Ni37B63,0
5316,Ni36B64,0
5317,Ni35B65,0
5318,Ni34B66,0
5319,Ni33B67,0
5320,Ni32B68,0
5321,Ni31B69,0
5322,Ni30B70,0
5323,Ni29B71,0
5324,Ni28B72,0
5325,Ni27B73,0
5326,Ni26B74,0
5327,Ni25B75,0
5328,Ni24B76,0
5329,Ni23B77,0
5330,Ni22B78,0
5331,Ni21B79,0
5332,Ni20B80,0
5333,Ni19B81,0
5334,Ni18B82,0
5335,Ni17B83,0
5336,Ni16B84,0
5337,Ni15B85,0
5338,Ni14B86,0
5339,Ni13B87,0
5340,Ni12B88,0
5341,Ni11B89,0
5342,Ni10B90,0
5343,Ni9B91,0
5344,Ni8B92,0
5345,Ni7B93,0
5346,Ni6B94,0
5347,Ni5B95,0
5348,Ni4B96,0
5349,Ni3B97,0
5350,Ni2B98,0
5351,Ni1B99,0
5352,Ni0B100,0
5353,Ni100Ta0,0
5354,Ni99Ta1,0
5355,Ni98Ta2,0
5356,Ni97Ta3,0
5357,Ni96Ta4,0
5358,Ni95Ta5,0
5359,Ni94Ta6,0
5360,Ni93Ta7,0
5361,Ni92Ta8,0
5362,Ni91Ta9,0
5363,Ni90Ta10,0
5364,Ni89Ta11,0
5365,Ni88Ta12,0
5366,Ni87Ta13,0
5367,Ni86Ta14,0
5368,Ni85Ta15,0
5369,Ni84Ta16,0
5370,Ni83Ta17,0
5371,Ni82Ta18,0
5372,Ni81Ta19,0
5373,Ni80Ta20,0
5374,Ni79Ta21,0
5375,Ni78Ta22,0
5376,Ni77Ta23,0
5377,Ni76Ta24,0
5378,Ni75Ta25,0
5379,Ni74Ta26,0
5380,Ni73Ta27,0
5381,Ni72Ta28,0
5382,Ni71Ta29,0
5383,Ni70Ta30,1
5384,Ni69Ta31,1
5385,Ni68Ta32,1
5386,Ni67Ta33,1
5387,Ni66Ta34,1
5388,Ni65Ta35,1
5389,Ni64Ta36,1
5390,Ni63Ta37,1
5391,Ni62Ta38,1
5392,Ni61Ta39,1
5393,Ni60Ta40,1
5394,Ni59Ta41,1
5395,Ni58Ta42,1
5396,Ni57Ta43,1
5397,Ni56Ta44,1
5398,Ni55Ta45,1
5399,Ni54Ta46,1
5400,Ni53Ta47,1
5401,Ni52Ta48,1
5402,Ni51Ta49,1
5403,Ni50Ta50,1
5404,Ni49Ta51,0
5405,Ni48Ta52,0
5406,Ni47Ta53,0
5407,Ni46Ta54,0
5408,Ni45Ta55,0
5409,Ni44Ta56,0
5410,Ni43Ta57,0
5411,Ni42Ta58,0
5412,Ni41Ta59,0
5413,Ni40Ta60,0
5414,Ni39Ta61,0
5415,Ni38Ta62,0
5416,Ni37Ta63,0
5417,Ni36Ta64,0
5418,Ni35Ta65,0
5419,Ni34Ta66,0
5420,Ni33Ta67,0
5421,Ni32Ta68,0
5422,Ni31Ta69,0
5423,Ni30Ta70,0
5424,Ni29Ta71,0
5425,Ni28Ta72,0
5426,Ni27Ta73,0
5427,Ni26Ta74,0
5428,Ni25Ta75,0
5429,Ni24Ta76,0
5430,Ni23Ta77,0
5431,Ni22Ta78,0
5432,Ni21Ta79,0
5433,Ni20Ta80,0
5434,Ni19Ta81,0
5435,Ni18Ta82,0
5436,Ni17Ta83,0
5437,Ni16Ta84,0
5438,Ni15Ta85,0
5439,Ni14Ta86,0
5440,Ni13Ta87,0
5441,Ni12Ta88,0
5442,Ni11Ta89,0
5443,Ni10Ta90,0
5444,Ni9Ta91,0
5445,Ni8Ta92,0
5446,Ni7Ta93,0
5447,Ni6Ta94,0
5448,Ni5Ta95,0
5449,Ni4Ta96,0
5450,Ni3Ta97,0
5451,Ni2Ta98,0
5452,Ni1Ta99,0
5453,Ni0Ta100,0
5454,Ni100Zr0,0
5455,Ni99Zr1,0
5456,Ni98Zr2,0
5457,Ni97Zr3,0
5458,Ni96Zr4,0
5459,Ni95Zr5,0
5460,Ni94Zr6,0
5461,Ni93Zr7,0
5462,Ni92Zr8,0
5463,Ni91Zr9,0
5464,Ni90Zr10,0
5465,Ni89Zr11,0
5466,Ni88Zr12,0
5467,Ni87Zr13,0
5468,Ni86Zr14,0
5469,Ni85Zr15,0
5470,Ni84Zr16,0
5471,Ni83Zr17,0
5472,Ni82Zr18,0
5473,Ni81Zr19,0
5474,Ni80Zr20,1
5475,Ni79Zr21,1
5476,Ni78Zr22,1
5477,Ni77Zr23,1
5478,Ni76Zr24,1
5479,Ni75Zr25,1
5480,Ni74Zr26,1
5481,Ni73Zr27,1
5482,Ni72Zr28,1
5483,Ni71Zr29,1
5484,Ni70Zr30,1
5485,Ni69Zr31,1
5486,Ni68Zr32,1
5487,Ni67Zr33,1
5488,Ni66Zr34,1
5489,Ni65Zr35,1
5490,Ni64Zr36,1
5491,Ni63Zr37,1
5492,Ni62Zr38,1
5493,Ni61Zr39,1
5494,Ni60Zr40,1
5495,Ni59Zr41,1
5496,Ni58Zr42,1
5497,Ni57Zr43,1
5498,Ni56Zr44,1
5499,Ni55Zr45,1
5500,Ni54Zr46,1
5501,Ni53Zr47,1
5502,Ni52Zr48,1
5503,Ni51Zr49,1
5504,Ni50Zr50,1
5505,Ni49Zr51,1
5506,Ni48Zr52,1
5507,Ni47Zr53,1
5508,Ni46Zr54,1
5509,Ni45Zr55,1
5510,Ni44Zr56,1
5511,Ni43Zr57,1
5512,Ni42Zr58,1
5513,Ni41Zr59,1
5514,Ni40Zr60,1
5515,Ni39Zr61,1
5516,Ni38Zr62,1
5517,Ni37Zr63,1
5518,Ni36Zr64,1
5519,Ni35Zr65,1
5520,Ni34Zr66,1
5521,Ni33Zr67,1
5522,Ni32Zr68,1
5523,Ni31Zr69,1
5524,Ni30Zr70,1
5525,Ni29Zr71,1
5526,Ni28Zr72,1
5527,Ni27Zr73,1
5528,Ni26Zr74,1
5529,Ni25Zr75,1
5530,Ni24Zr76,1
5531,Ni23Zr77,1
5532,Ni22Zr78,1
5533,Ni21Zr79,1
5534,Ni20Zr80,1
5535,Ni19Zr81,0
5536,Ni18Zr82,0
5537,Ni17Zr83,0
5538,Ni16Zr84,0
5539,Ni15Zr85,0
5540,Ni14Zr86,0
5541,Ni13Zr87,0
5542,Ni12Zr88,0
5543,Ni11Zr89,0
5544,Ni10Zr90,0
5545,Ni9Zr91,0
5546,Ni8Zr92,0
5547,Ni7Zr93,0
5548,Ni6Zr94,0
5549,Ni5Zr95,0
5550,Ni4Zr96,0
5551,Ni3Zr97,0
5552,Ni2Zr98,0
5553,Ni1Zr99,0
5554,Ni0Zr100,0
5555,Pd100Zr0,0
5556,Pd99Zr1,0
5557,Pd98Zr2,0
5558,Pd97Zr3,0
5559,Pd96Zr4,0
5560,Pd95Zr5,0
5561,Pd94Zr6,0
5562,Pd93Zr7,0
5563,Pd92Zr8,0
5564,Pd91Zr9,0
5565,Pd90Zr10,0
5566,Pd89Zr11,0
5567,Pd88Zr12,0
5568,Pd87Zr13,0
5569,Pd86Zr14,0
5570,Pd85Zr15,0
5571,Pd84Zr16,0
5572,Pd83Zr17,0
5573,Pd82Zr18,0
5574,Pd81Zr19,0
5575,Pd80Zr20,0
5576,Pd79Zr21,0
5577,Pd78Zr22,0
5578,Pd77Zr23,0
5579,Pd76Zr24,0
5580,Pd75Zr25,0
5581,Pd74Zr26,0
5582,Pd73Zr27,0
5583,Pd72Zr28,0
5584,Pd71Zr29,0
5585,Pd70Zr30,0
5586,Pd69Zr31,0
5587,Pd68Zr32,0
5588,Pd67Zr33,0
5589,Pd66Zr34,0
5590,Pd65Zr35,0
5591,Pd64Zr36,0
5592,Pd63Zr37,0
5593,Pd62Zr38,0
5594,Pd61Zr39,0
5595,Pd60Zr40,0
5596,Pd59Zr41,0
5597,Pd58Zr42,0
5598,Pd57Zr43,0
5599,Pd56Zr44,0
5600,Pd55Zr45,0
5601,Pd54Zr46,0
5602,Pd53Zr47,0
5603,Pd52Zr48,0
5604,Pd51Zr49,0
5605,Pd50Zr50,0
5606,Pd49Zr51,0
5607,Pd48Zr52,0
5608,Pd47Zr53,0
5609,Pd46Zr54,0
5610,Pd45Zr55,0
5611,Pd44Zr56,0
5612,Pd43Zr57,0
5613,Pd42Zr58,0
5614,Pd41Zr59,0
5615,Pd40Zr60,0
5616,Pd39Zr61,0
5617,Pd38Zr62,0
5618,Pd37Zr63,0
5619,Pd36Zr64,0
5620,Pd35Zr65,1
5621,Pd34Zr66,1
5622,Pd33Zr67,1
5623,Pd32Zr68,1
5624,Pd31Zr69,1
5625,Pd30Zr70,1
5626,Pd29Zr71,0
5627,Pd28Zr72,0
5628,Pd27Zr73,0
5629,Pd26Zr74,0
5630,Pd25Zr75,0
5631,Pd24Zr76,0
5632,Pd23Zr77,0
5633,Pd22Zr78,0
5634,Pd21Zr79,0
5635,Pd20Zr80,0
5636,Pd19Zr81,0
5637,Pd18Zr82,0
5638,Pd17Zr83,0
5639,Pd16Zr84,0
5640,Pd15Zr85,0
5641,Pd14Zr86,0
5642,Pd13Zr87,0
5643,Pd12Zr88,0
5644,Pd11Zr89,0
5645,Pd10Zr90,0
5646,Pd9Zr91,0
5647,Pd8Zr92,0
5648,Pd7Zr93,0
5649,Pd6Zr94,0
5650,Pd5Zr95,0
5651,Pd4Zr96,0
5652,Pd3Zr97,0
5653,Pd2Zr98,0
5654,Pd1Zr99,0
5655,Pd0Zr100,0
5656,Pt100Zr0,0
5657,Pt99Zr1,0
5658,Pt98Zr2,0
5659,Pt97Zr3,0
5660,Pt96Zr4,0
5661,Pt95Zr5,0
5662,Pt94Zr6,0
5663,Pt93Zr7,0
5664,Pt92Zr8,0
5665,Pt91Zr9,0
5666,Pt90Zr10,0
5667,Pt89Zr11,0
5668,Pt88Zr12,0
5669,Pt87Zr13,0
5670,Pt86Zr14,0
5671,Pt85Zr15,0
5672,Pt84Zr16,0
5673,Pt83Zr17,0
5674,Pt82Zr18,0
5675,Pt81Zr19,0
5676,Pt80Zr20,0
5677,Pt79Zr21,0
5678,Pt78Zr22,0
5679,Pt77Zr23,0
5680,Pt76Zr24,0
5681,Pt75Zr25,0
5682,Pt74Zr26,0
5683,Pt73Zr27,0
5684,Pt72Zr28,0
5685,Pt71Zr29,0
5686,Pt70Zr30,0
5687,Pt69Zr31,0
5688,Pt68Zr32,0
5689,Pt67Zr33,0
5690,Pt66Zr34,0
5691,Pt65Zr35,0
5692,Pt64Zr36,0
5693,Pt63Zr37,0
5694,Pt62Zr38,0
5695,Pt61Zr39,0
5696,Pt60Zr40,0
5697,Pt59Zr41,0
5698,Pt58Zr42,0
5699,Pt57Zr43,0
5700,Pt56Zr44,0
5701,Pt55Zr45,0
5702,Pt54Zr46,0
5703,Pt53Zr47,0
5704,Pt52Zr48,0
5705,Pt51Zr49,0
5706,Pt50Zr50,0
5707,Pt49Zr51,0
5708,Pt48Zr52,0
5709,Pt47Zr53,0
5710,Pt46Zr54,0
5711,Pt45Zr55,0
5712,Pt44Zr56,0
5713,Pt43Zr57,0
5714,Pt42Zr58,0
5715,Pt41Zr59,0
5716,Pt40Zr60,0
5717,Pt39Zr61,0
5718,Pt38Zr62,0
5719,Pt37Zr63,0
5720,Pt36Zr64,0
5721,Pt35Zr65,0
5722,Pt34Zr66,0
5723,Pt33Zr67,0
5724,Pt32Zr68,0
5725,Pt31Zr69,0
5726,Pt30Zr70,1
5727,Pt29Zr71,1
5728,Pt28Zr72,1
5729,Pt27Zr73,1
5730,Pt26Zr74,1
5731,Pt25Zr75,1
5732,Pt24Zr76,1
5733,Pt23Zr77,1
5734,Pt22Zr78,1
5735,Pt21Zr79,1
5736,Pt20Zr80,1
5737,Pt19Zr81,0
5738,Pt18Zr82,0
5739,Pt17Zr83,0
5740,Pt16Zr84,0
5741,Pt15Zr85,0
5742,Pt14Zr86,0
5743,Pt13Zr87,0
5744,Pt12Zr88,0
5745,Pt11Zr89,0
5746,Pt10Zr90,0
5747,Pt9Zr91,0
5748,Pt8Zr92,0
5749,Pt7Zr93,0
5750,Pt6Zr94,0
5751,Pt5Zr95,0
5752,Pt4Zr96,0
5753,Pt3Zr97,0
5754,Pt2Zr98,0
5755,Pt1Zr99,0
5756,Pt0Zr100,0
5757,Rh100Zr0,0
5758,Rh99Zr1,0
5759,Rh98Zr2,0
5760,Rh97Zr3,0
5761,Rh96Zr4,0
5762,Rh95Zr5,0
5763,Rh94Zr6,0
5764,Rh93Zr7,0
5765,Rh92Zr8,0
5766,Rh91Zr9,0
5767,Rh90Zr10,0
5768,Rh89Zr11,0
5769,Rh88Zr12,0
5770,Rh87Zr13,0
5771,Rh86Zr14,0
5772,Rh85Zr15,0
5773,Rh84Zr16,0
5774,Rh83Zr17,0
5775,Rh82Zr18,0
5776,Rh81Zr19,0
5777,Rh80Zr20,0
5778,Rh79Zr21,0
5779,Rh78Zr22,0
5780,Rh77Zr23,0
5781,Rh76Zr24,0
5782,Rh75Zr25,0
5783,Rh74Zr26,0
5784,Rh73Zr27,0
5785,Rh72Zr28,0
5786,Rh71Zr29,0
5787,Rh70Zr30,0
5788,Rh69Zr31,0
5789,Rh68Zr32,0
5790,Rh67Zr33,0
5791,Rh66Zr34,0
5792,Rh65Zr35,0
5793,Rh64Zr36,0
5794,Rh63Zr37,0
5795,Rh62Zr38,0
5796,Rh61Zr39,0
5797,Rh60Zr40,0
5798,Rh59Zr41,0
5799,Rh58Zr42,0
5800,Rh57Zr43,0
5801,Rh56Zr44,0
5802,Rh55Zr45,0
5803,Rh54Zr46,0
5804,Rh53Zr47,0
5805,Rh52Zr48,0
5806,Rh51Zr49,0
5807,Rh50Zr50,0
5808,Rh49Zr51,0
5809,Rh48Zr52,0
5810,Rh47Zr53,0
5811,Rh46Zr54,0
5812,Rh45Zr55,0
5813,Rh44Zr56,0
5814,Rh43Zr57,0
5815,Rh42Zr58,0
5816,Rh41Zr59,0
5817,Rh40Zr60,0
5818,Rh39Zr61,0
5819,Rh38Zr62,0
5820,Rh37Zr63,0
5821,Rh36Zr64,0
5822,Rh35Zr65,0
5823,Rh34Zr66,1
5824,Rh33Zr67,1
5825,Rh32Zr68,1
5826,Rh31Zr69,1
5827,Rh30Zr70,1
5828,Rh29Zr71,1
5829,Rh28Zr72,1
5830,Rh27Zr73,1
5831,Rh26Zr74,1
5832,Rh25Zr75,1
5833,Rh24Zr76,1
5834,Rh23Zr77,1
5835,Rh22Zr78,1
5836,Rh21Zr79,1
5837,Rh20Zr80,1
5838,Rh19Zr81,0
5839,Rh18Zr82,0
5840,Rh17Zr83,0
5841,Rh16Zr84,0
5842,Rh15Zr85,0
5843,Rh14Zr86,0
5844,Rh13Zr87,0
5845,Rh12Zr88,0
5846,Rh11Zr89,0
5847,Rh10Zr90,0
5848,Rh9Zr91,0
5849,Rh8Zr92,0
5850,Rh7Zr93,0
5851,Rh6Zr94,0
5852,Rh5Zr95,0
5853,Rh4Zr96,0
5854,Rh3Zr97,0
5855,Rh2Zr98,0
5856,Rh1Zr99,0
5857,Rh0Zr100,0
5858,Ti100Zr0,0
5859,Ti99Zr1,0
5860,Ti98Zr2,0
5861,Ti97Zr3,0
5862,Ti96Zr4,0
5863,Ti95Zr5,0
5864,Ti94Zr6,0
5865,Ti93Zr7,0
5866,Ti92Zr8,0
5867,Ti91Zr9,0
5868,Ti90Zr10,0
5869,Ti89Zr11,0
5870,Ti88Zr12,0
5871,Ti87Zr13,0
5872,Ti86Zr14,0
5873,Ti85Zr15,1
5874,Ti84Zr16,1
5875,Ti83Zr17,1
5876,Ti82Zr18,1
5877,Ti81Zr19,1
5878,Ti80Zr20,1
5879,Ti79Zr21,1
5880,Ti78Zr22,1
5881,Ti77Zr23,0
5882,Ti76Zr24,0
5883,Ti75Zr25,0
5884,Ti74Zr26,0
5885,Ti73Zr27,0
5886,Ti72Zr28,0
5887,Ti71Zr29,0
5888,Ti70Zr30,0
5889,Ti69Zr31,0
5890,Ti68Zr32,0
5891,Ti67Zr33,0
5892,Ti66Zr34,0
5893,Ti65Zr35,0
5894,Ti64Zr36,0
5895,Ti63Zr37,0
5896,Ti62Zr38,0
5897,Ti61Zr39,0
5898,Ti60Zr40,0
5899,Ti59Zr41,0
5900,Ti58Zr42,0
5901,Ti57Zr43,0
5902,Ti56Zr44,0
5903,Ti55Zr45,0
5904,Ti54Zr46,0
5905,Ti53Zr47,0
5906,Ti52Zr48,0
5907,Ti51Zr49,0
5908,Ti50Zr50,0
5909,Ti49Zr51,0
5910,Ti48Zr52,0
5911,Ti47Zr53,0
5912,Ti46Zr54,0
5913,Ti45Zr55,0
5914,Ti44Zr56,0
5915,Ti43Zr57,0
5916,Ti42Zr58,0
5917,Ti41Zr59,0
5918,Ti40Zr60,0
5919,Ti39Zr61,0
5920,Ti38Zr62,0
5921,Ti37Zr63,0
5922,Ti36Zr64,0
5923,Ti35Zr65,0
5924,Ti34Zr66,0
5925,Ti33Zr67,0
5926,Ti32Zr68,0
5927,Ti31Zr69,0
5928,Ti30Zr70,0
5929,Ti29Zr71,0
5930,Ti28Zr72,0
5931,Ti27Zr73,0
5932,Ti26Zr74,0
5933,Ti25Zr75,0
5934,Ti24Zr76,0
5935,Ti23Zr77,0
5936,Ti22Zr78,0
5937,Ti21Zr79,0
5938,Ti20Zr80,0
5939,Ti19Zr81,0
5940,Ti18Zr82,0
5941,Ti17Zr83,0
5942,Ti16Zr84,0
5943,Ti15Zr85,0
5944,Ti14Zr86,0
5945,Ti13Zr87,0
5946,Ti12Zr88,0
5947,Ti11Zr89,0
5948,Ti10Zr90,0
5949,Ti9Zr91,0
5950,Ti8Zr92,0
5951,Ti7Zr93,0
5952,Ti6Zr94,0
5953,Ti5Zr95,0
5954,Ti4Zr96,0
5955,Ti3Zr97,0
5956,Ti2Zr98,0
5957,Ti1Zr99,0
5958,Ti0Zr100,0
